id,abandono
CU-2019-RFV844,0
AB-2020-RR266,1
CR-2019-FFC269,0
AB-2020-OFC312,0
CR-2019-MRP759,1
AB-2020-SDV351,1
CR-2019-AMJ226,0
CU-2020-RRA407,0
AB-2020-CCB743,0
AB-2019-XBB715,0
CU-2019-PGV816,0
TO-2020-CÁ610,0
TO-2020-CJO541,0
AB-2020-CDD382,0
CU-2020-MSP709,0
CR-2019-HDV953,0
AB-2020-HSG161,0
TO-2020-RCC461,0
CU-2019-ALZ051,0
AB-2020-CGR276,0
CU-2020-CT051,0
TO-2020-SQF561,0
CR-2019-GSS898,0
CU-2020-RDB924,0
CR-2019-JFJ881,0
CU-2020-TAC743,0
CR-2019-OBR084,1
CR-2019-AG896,0
CR-2019-LT319,0
TO-2019-JJF029,0
CR-2019-ADL367,1
TO-2019-SCE918,0
AB-2020-LV971,0
AB-2019-FJM860,0
CR-2019-MCB573,1
TO-2019-AVA853,0
AB-2020-APG600,0
CR-2020-JÁA192,0
TO-2020-BLC918,1
CU-2020-VC067,0
TO-2019-PCC545,0
TO-2020-VCL008,1
TO-2020-PR615,0
CR-2020-PDD765,0
TO-2020-ABG709,0
TO-2020-HAE402,0
CU-2019-HCC701,1
AB-2019-PJL781,1
CR-2020-LMM877,0
TO-2019-OMC698,0
AB-2020-PAS016,0
CR-2019-VSM880,0
CR-2020-APM564,1
TO-2019-BJB628,1
AB-2020-NC474,1
CU-2019-HMA027,0
CU-2019-EVG197,0
AB-2020-ADS210,0
TO-2019-ABC781,0
AB-2020-RC400,1
CR-2019-DF753,0
CR-2019-UHC626,0
CR-2019-SAV684,0
CR-2020-PEA326,0
CU-2019-PJH080,1
CU-2019-BOB075,0
AB-2019-VB265,1
CR-2020-ECM965,0
CR-2019-JJB717,0
CU-2019-RAR334,0
AB-2019-ÁDV148,0
TO-2020-NMA911,0
TO-2019-RCI412,0
AB-2019-LSQ069,0
CR-2020-JAF195,0
AB-2020-FJM965,0
CR-2020-ALG743,0
AB-2020-RBN609,0
CU-2020-MHC143,0
TO-2019-ÁBD101,1
AB-2020-BM895,0
CR-2020-AAM145,0
TO-2020-RSG603,0
CR-2020-AH671,0
TO-2019-AVF601,1
CU-2020-JQT735,1
AB-2019-NDP067,0
CR-2020-JTA881,1
CU-2019-JFS633,0
AB-2020-LCI223,1
CR-2019-EMG973,0
CR-2020-EDC447,0
TO-2019-VVA299,1
TO-2020-MSA979,0
TO-2020-YEB752,0
CR-2020-EDB160,0
AB-2020-IC457,1
TO-2019-BDV253,0
CR-2019-LPB125,1
CU-2019-BEL271,0
AB-2019-RSM945,1
AB-2019-BCZ588,0
CR-2019-YTV372,0
TO-2020-EPB467,1
CR-2019-ELG184,0
TO-2019-LFB675,1
CR-2019-DBL556,0
AB-2020-RSR642,0
TO-2020-APN655,0
AB-2020-DDR891,0
AB-2019-MSC956,0
CR-2020-CGE753,0
AB-2020-QFB861,0
TO-2019-XDS638,0
CR-2020-ISV932,0
TO-2019-RDC515,0
CR-2019-SBS866,0
TO-2019-ELC013,0
TO-2020-EBA534,0
TO-2019-CIM134,0
CR-2019-OLM215,0
TO-2019-SB543,0
AB-2020-RDV630,0
TO-2020-CER038,0
AB-2019-YT219,0
AB-2019-SBP059,1
TO-2020-CS306,1
TO-2020-CFA902,0
CR-2019-CCG162,0
TO-2020-PAS360,1
AB-2019-SVL558,0
TO-2019-CN211,0
AB-2020-RC183,0
AB-2019-BDS038,0
CU-2019-BA701,0
TO-2019-BCQ571,1
TO-2020-BGS977,0
TO-2020-RA037,0
AB-2019-TJB695,0
TO-2019-IPF905,1
CR-2019-ADB273,0
TO-2020-MVM079,1
CU-2019-MS004,0
CU-2020-LG464,0
TO-2020-ACG472,0
CR-2020-REA331,0
AB-2020-EDA139,0
TO-2020-CAP260,1
CU-2020-DVP344,0
CR-2019-MDR505,0
AB-2020-AJ576,0
AB-2020-VC012,0
TO-2020-LSI202,1
TO-2020-CCG925,1
CR-2019-PSM227,1
CR-2020-DJI050,1
TO-2020-ACÁ417,0
AB-2020-PDV742,0
CU-2019-FR041,0
CR-2019-EBB211,0
AB-2019-CS125,0
TO-2019-ODP853,1
TO-2019-LMA401,0
TO-2020-IFL005,0
CU-2019-AQT822,0
TO-2019-MAL705,0
CR-2020-ÁC759,1
AB-2020-MBF153,1
CR-2020-VGA341,0
TO-2019-SMP496,0
TO-2019-MMV661,0
CR-2019-SGO494,0
CR-2020-RM208,1
AB-2020-CSR253,0
TO-2020-HAL317,1
CR-2019-RFM260,1
TO-2019-ZFA386,1
TO-2020-OTM975,0
CU-2020-AAP813,1
CU-2019-BCR671,1
AB-2019-MJV015,0
AB-2019-TP578,0
TO-2020-SCL518,0
CR-2020-CAY531,0
CR-2019-ATB176,0
AB-2019-HBV570,0
CU-2019-SDC403,0
AB-2019-RCU249,0
CR-2020-EBP416,0
TO-2020-ICV835,0
AB-2020-RMS089,1
TO-2019-SGG811,0
CR-2020-JMR614,0
CR-2020-ARV806,0
CU-2020-GOT619,1
TO-2020-RPR858,0
CU-2020-SPC363,0
TO-2019-RRR090,0
CR-2019-JR814,1
TO-2020-NSN544,0
TO-2019-VCF182,0
AB-2019-MCS088,0
CU-2020-AP900,1
TO-2019-JCT212,0
CU-2020-JLC417,0
CR-2020-OBM208,0
TO-2019-DAA981,0
TO-2020-SÁQ603,0
CU-2020-JH367,1
CU-2020-GE530,0
TO-2020-EB720,0
TO-2020-EEC957,0
CR-2019-MDC323,0
CR-2019-TG209,0
CU-2019-PHM808,0
AB-2019-CF890,1
AB-2020-LJR931,0
CU-2020-CAC989,0
AB-2019-MC649,0
TO-2020-CMA790,1
AB-2020-CGO791,0
CU-2020-CDA808,1
CR-2020-JG402,0
TO-2019-HAC634,0
CR-2020-JT852,0
CR-2020-ADE959,0
TO-2020-SPC705,0
AB-2020-AGM773,0
AB-2019-JBC468,1
CR-2019-YMR316,0
CU-2019-CG981,0
AB-2019-YBC430,0
CR-2019-LJ724,0
CU-2020-REV727,0
CR-2019-NAC069,1
AB-2019-BD901,0
CR-2020-AN992,0
TO-2019-AA750,0
TO-2019-CFP846,1
CU-2020-SCJ106,0
AB-2019-EAM691,0
AB-2019-REO106,0
CR-2020-FJA848,0
CR-2020-NVH801,0
AB-2019-GNC283,0
CR-2020-CMC984,0
CR-2020-EAS771,0
AB-2020-AF186,0
TO-2019-MEB457,1
CR-2020-ECR720,0
AB-2020-COH402,0
AB-2020-ISC121,1
TO-2020-COJ363,0
TO-2020-CR165,0
AB-2019-AAB375,0
AB-2019-ACH354,0
TO-2020-MCM557,0
AB-2019-EDB420,0
CU-2020-MRC272,0
TO-2019-AFH931,0
TO-2019-GST592,0
CR-2019-AAB208,0
AB-2019-AV133,0
TO-2019-JAA165,0
CR-2020-MPS527,1
AB-2019-TV934,1
TO-2019-FML154,1
CR-2019-ÁVL698,0
CR-2019-PÁA218,0
TO-2019-CLT472,1
TO-2020-ARV841,1
CR-2019-JSÁ499,0
CU-2020-FAG683,0
CR-2020-RFR602,1
AB-2019-EMB552,0
CR-2020-PAB392,0
CR-2019-EP058,0
TO-2020-MLA206,0
TO-2019-PLP141,0
TO-2020-VAS549,1
TO-2019-FC097,0
AB-2020-CFH111,1
TO-2019-PB224,0
AB-2020-CJ596,1
CR-2019-MLA600,0
TO-2020-RSC192,1
CU-2019-NAA701,0
TO-2019-RSC976,0
CR-2019-ZSG322,1
CR-2020-FBV890,0
CR-2019-MO263,1
AB-2019-RDC839,0
TO-2019-AEG382,0
TO-2020-VMC037,0
TO-2020-SH375,0
AB-2019-ADA687,0
CU-2020-ACR143,0
TO-2020-ADM633,1
AB-2020-RZS278,1
TO-2019-SRT372,0
CR-2020-EBC676,1
AB-2019-TRB183,0
CR-2020-SDG156,0
TO-2020-DDM927,0
CR-2020-JMG895,0
AB-2020-VCS075,0
AB-2019-GIC967,0
TO-2020-JDM289,0
AB-2019-ETR485,1
CU-2019-JC480,0
CU-2020-PP421,0
AB-2020-ALS081,0
TO-2019-FMB624,1
TO-2019-SFC857,1
CR-2020-AA403,0
CU-2020-NTR658,0
AB-2019-JMF164,0
TO-2020-VNS748,0
CR-2020-DV999,0
TO-2019-BQO500,1
AB-2020-RS852,0
TO-2020-AJM718,0
AB-2019-CRT062,0
AB-2019-ACQ243,1
TO-2020-JAS842,0
CR-2020-OHM366,0
TO-2020-IPC617,0
TO-2019-SDM488,0
CU-2020-ÁRR609,0
CR-2019-DIC505,0
TO-2019-TDB958,1
AB-2020-DMS821,0
TO-2020-NDG788,0
CR-2019-SJC139,0
TO-2020-PMC809,0
CU-2020-STA666,1
AB-2019-DÁM602,0
CU-2020-EVB637,1
CR-2020-ATM294,0
AB-2020-ASI115,0
TO-2020-CA687,0
AB-2019-NDS872,0
TO-2019-IHA619,0
AB-2019-NMJ908,0
TO-2019-FMT253,1
CR-2019-ABP715,0
TO-2020-AOC233,0
AB-2019-RDC401,1
CR-2019-MPS183,0
TO-2020-FLA534,0
TO-2019-EBG390,0
AB-2020-BTC147,0
CR-2019-JD741,1
CU-2019-IFT713,0
CR-2019-JIM061,0
AB-2019-ERH323,1
TO-2019-HG341,1
TO-2019-EBP217,0
CR-2019-AUV381,0
TO-2019-FAC126,0
TO-2019-RCR164,0
TO-2019-TFA805,0
AB-2019-CSV403,0
TO-2020-TCH667,0
AB-2020-NNS732,0
CR-2020-VO265,0
CR-2019-VRP645,0
TO-2019-LDG988,0
CU-2020-MCS347,1
TO-2020-CCZ156,1
CU-2020-EBC512,0
AB-2020-FLR740,0
CR-2019-AÁC975,0
AB-2020-PDM446,1
CU-2019-LS377,1
AB-2020-JDL901,0
TO-2020-GAA161,0
TO-2019-RDS855,0
CU-2019-CAM560,0
CU-2020-RAM044,0
AB-2019-SMN900,0
CR-2020-ST475,1
CR-2019-BU064,0
CU-2019-EHL057,0
TO-2019-RGA066,1
CU-2020-VDB577,1
AB-2020-JAS496,1
AB-2020-OAP904,0
AB-2020-JMD571,1
TO-2019-RAF976,0
CU-2019-GAB106,1
AB-2019-HTD915,0
CR-2019-JVS125,1
CR-2020-IAÁ027,1
AB-2019-MAO626,0
TO-2020-RDL628,1
CU-2019-ADS342,0
CR-2020-ÁTP884,0
TO-2019-JAN574,0
CR-2019-SDS073,0
TO-2019-SAE918,0
AB-2020-PPA477,0
TO-2020-GPM569,1
AB-2020-OPP411,0
TO-2019-BDC646,1
CR-2020-BCC089,0
CU-2020-FTR088,0
AB-2020-RL281,1
TO-2019-RG779,0
AB-2020-SDG812,0
TO-2019-DPG819,1
TO-2020-LDG026,1
CR-2020-GCG676,1
AB-2020-AMC273,0
CR-2019-AL618,0
AB-2020-JCL960,0
CR-2019-OAA010,0
TO-2019-ER157,1
CU-2019-AA055,0
AB-2020-DCB236,0
TO-2019-LAC974,0
CR-2020-MDL175,0
CR-2020-JGC045,0
TO-2020-LH051,0
AB-2020-JPV127,0
CR-2020-MÁC869,1
CR-2019-VMT469,1
CU-2019-RQ734,0
CR-2020-MTC749,0
AB-2020-NM545,0
TO-2020-MP409,0
CU-2020-GC196,0
TO-2019-ÁC111,0
AB-2019-MN679,0
TO-2020-LSQ488,0
CU-2019-ETL723,0
AB-2019-JIE341,1
TO-2019-CSF743,0
TO-2020-KFV468,0
CR-2020-AOB251,0
AB-2020-EIS511,1
TO-2020-LOR990,1
CR-2020-GCB819,0
AB-2019-VDG921,1
TO-2020-JMG152,0
AB-2020-BVE895,0
CR-2019-NPP087,0
AB-2020-FQL156,0
AB-2019-VÁR332,0
AB-2020-MVA809,0
AB-2020-AVQ537,0
TO-2020-VIM952,0
AB-2019-EMM723,1
TO-2020-ADM003,0
CR-2020-ES883,1
AB-2020-MJV962,1
AB-2020-AUS797,1
CR-2020-GAP182,1
TO-2019-AA201,0
AB-2020-CM503,1
AB-2020-SPC045,1
CR-2020-PMA503,0
AB-2019-AP554,1
AB-2020-PÁC839,0
CR-2020-BJU469,0
AB-2019-AAB409,0
AB-2019-SGP280,0
CU-2019-ARP614,0
AB-2020-XNP173,0
AB-2019-MV455,1
CU-2020-GA286,0
TO-2020-XMG194,0
AB-2019-NBL824,1
TO-2019-CLS938,0
AB-2020-EA965,0
CR-2019-IST100,1
AB-2019-PIH609,1
AB-2019-AMS938,0
AB-2020-OFC612,0
CR-2020-VC066,0
TO-2020-FG671,0
AB-2020-ANN565,1
AB-2020-ESM197,0
AB-2020-LNB202,1
TO-2019-TCA348,0
CU-2020-AAG868,0
CU-2019-NMR267,0
TO-2020-CES957,1
CU-2019-AVT567,0
TO-2019-DRM615,0
CR-2019-NTF507,0
TO-2020-HCB608,1
AB-2019-BAS928,1
CR-2020-VBA044,0
CR-2020-CPN030,0
CU-2019-LCJ865,0
AB-2020-SSB613,1
TO-2019-SUV908,0
AB-2019-VRA242,0
CU-2020-DPA350,0
TO-2020-CCI998,0
CR-2020-IU921,0
CR-2019-OMA873,0
AB-2019-CJR649,0
TO-2020-AYS545,1
AB-2020-CTH319,0
AB-2019-LLJ794,1
CU-2019-ADE759,0
CR-2020-SM082,1
AB-2020-FIV839,0
TO-2020-GBH388,0
CU-2020-FBR324,1
TO-2019-EÁA674,0
CU-2020-ADM325,1
CR-2019-EZ025,0
AB-2020-TDB211,1
CR-2020-CML384,1
TO-2019-OCV646,0
TO-2019-PB187,0
CU-2020-HR702,0
CR-2020-JBC033,0
CR-2020-AF010,1
CR-2020-MPR416,0
AB-2020-AGC209,1
TO-2020-MPF202,0
AB-2020-MNS120,0
AB-2019-HPC891,1
CR-2020-BDM746,0
TO-2019-PHA586,1
CR-2020-CRM507,0
TO-2019-GRF631,1
TO-2020-CFB152,0
TO-2019-RLG635,0
CU-2020-TV393,1
AB-2020-FOC119,0
AB-2020-FS805,0
CU-2019-DDM264,0
TO-2020-DDD118,0
AB-2020-SCS254,0
AB-2019-JT228,0
AB-2020-EDP178,1
CU-2020-FA275,1
CR-2019-CF398,0
CR-2020-LÁR669,0
AB-2019-JFV172,0
AB-2019-NB230,1
CR-2020-MZE722,0
CR-2019-LAU376,1
CR-2020-FOI840,0
TO-2019-ETC096,1
CR-2020-ASP125,0
CR-2019-APJ242,0
AB-2019-SCI669,0
CR-2020-PAJ282,0
CR-2020-IAL411,0
CR-2019-FDC527,0
TO-2020-DE149,0
TO-2020-ADG263,1
AB-2019-MP808,1
TO-2019-NDC106,1
TO-2019-AVÁ782,0
CU-2019-CRA455,1
TO-2019-AMC479,0
TO-2020-MP192,1
CR-2019-VDR022,1
CR-2020-ASR829,0
TO-2020-OC565,0
CR-2019-AGM113,1
CU-2020-EDP009,0
TO-2020-SCG856,0
TO-2020-VPF441,0
CR-2020-HBA032,1
CR-2019-AFS191,1
CR-2019-LR168,0
AB-2019-CGN912,0
CR-2019-AB829,1
CU-2020-PAP465,0
CU-2020-AD305,1
TO-2019-ÉNG367,0
CR-2019-PC904,1
CU-2020-OUM074,1
TO-2019-HSÁ180,1
AB-2020-AHM867,0
TO-2019-YTP552,0
CR-2019-FMP815,0
AB-2020-OFO969,0
CR-2020-HMV564,0
CR-2019-HPM783,1
CR-2020-SVB120,0
CR-2020-CDA029,0
AB-2020-CSJ210,0
CR-2019-OFL602,1
TO-2019-EP977,0
CR-2019-STA542,0
CR-2020-IS095,1
TO-2019-EAL734,0
AB-2019-ADR503,0
TO-2019-CZG270,0
CU-2020-TAV950,0
AB-2019-CD256,0
TO-2020-EZE687,0
CU-2019-CRC556,1
CR-2020-ACM090,0
TO-2020-TGP604,0
CR-2020-MPI140,0
TO-2020-CCP345,1
CR-2020-JDS922,0
AB-2019-CRP797,1
CU-2019-BAM860,0
CR-2019-REJ854,1
CR-2019-LSE092,1
AB-2019-ORB090,0
TO-2019-NFG002,0
AB-2019-EBB085,0
AB-2020-ADP927,1
CR-2020-MD264,0
AB-2019-ENR148,0
CR-2020-JRA865,0
AB-2019-GMR060,0
CU-2019-BVM031,1
TO-2019-MJD250,0
AB-2019-MJR666,0
CU-2020-MV603,0
AB-2020-PP084,0
TO-2019-GV826,0
TO-2019-OS323,1
TO-2020-JAB433,0
TO-2020-RAL495,0
AB-2020-MRR507,1
TO-2020-EJE503,1
AB-2020-VD914,0
AB-2020-MFV376,0
CR-2020-LRS895,0
CU-2020-LT897,0
CU-2019-XCB320,0
TO-2020-MTL482,1
TO-2020-CSA712,0
TO-2020-CDA455,0
CU-2019-ONA234,0
CR-2019-LSJ673,1
CR-2020-NVP703,0
TO-2019-BZP165,0
TO-2019-MBP744,1
TO-2020-FIR510,1
AB-2019-PLN639,0
TO-2020-OGM805,0
CR-2019-MMM093,0
TO-2019-CBP796,0
TO-2019-ACL840,0
CR-2019-ATG459,0
TO-2020-BMA920,0
AB-2019-CRZ530,0
AB-2020-ABH339,0
CR-2020-CAA067,0
CR-2020-ATA625,1
CU-2020-LOM691,0
CR-2019-GDD214,0
TO-2019-JPM253,0
CU-2020-XIV380,0
TO-2020-RQP672,0
CR-2020-SP403,1
AB-2019-NPC205,0
TO-2020-RGA737,0
TO-2019-RAM686,1
CR-2020-ZTG267,1
CR-2020-AG269,1
CR-2019-MDB843,1
AB-2019-MDT141,0
AB-2019-FHM388,1
CR-2020-CR428,0
AB-2019-IDB634,0
TO-2020-IDF605,0
CR-2020-CVB252,1
TO-2019-CDM169,0
TO-2020-DDS119,0
TO-2020-SVD883,1
AB-2019-SDF458,0
CU-2019-EDY522,0
TO-2019-IFB621,0
TO-2019-CDS842,0
AB-2020-MFM575,1
CU-2020-JCA146,1
CU-2019-JZ979,0
TO-2019-FG636,1
TO-2020-OPC036,0
TO-2019-RAS066,0
AB-2020-EDM174,0
CR-2020-LDR536,0
CR-2020-BFC312,0
AB-2019-ME383,0
AB-2019-ADH704,0
AB-2020-LBR518,0
TO-2019-EPV933,0
AB-2020-TCC167,0
CU-2019-BSC493,0
TO-2019-MAG500,1
CR-2019-BRP178,1
TO-2019-AAE769,0
TO-2019-ARS091,1
AB-2019-BRF262,0
TO-2020-RDL008,0
TO-2019-CM463,1
AB-2019-JRD480,0
CR-2019-TM375,1
AB-2019-CPP101,1
TO-2019-MDC735,0
CR-2020-APC264,1
AB-2019-MSC173,1
TO-2019-ADM326,1
CU-2019-CB930,1
CU-2020-SDV496,1
CU-2020-OMP257,0
CU-2020-EDV721,0
CU-2020-HHS169,0
CU-2020-LCP683,1
AB-2020-ATE353,0
CU-2019-APC232,0
TO-2019-MP563,1
CR-2020-JVO342,0
TO-2019-OMQ077,1
AB-2020-FC950,1
CR-2020-LDC218,0
AB-2020-MA751,1
TO-2019-ES335,0
AB-2020-NBR766,1
CU-2019-TRC789,0
CU-2020-ME305,0
CU-2020-SRE478,0
TO-2020-RFJ453,0
TO-2019-NDA947,0
CR-2019-FA099,0
TO-2019-AC033,1
CR-2019-MGS063,0
TO-2019-VG863,0
AB-2019-JJM598,0
TO-2019-AS708,0
AB-2019-RRT356,0
CR-2019-EA855,0
CU-2019-CG825,0
TO-2019-FE947,1
CR-2020-NDI688,0
TO-2019-QOA954,1
AB-2019-GCB436,0
CR-2019-IDO613,0
CU-2020-UJC038,0
CR-2020-JCM415,0
CR-2020-MCA556,0
AB-2019-AA088,1
TO-2020-RFC551,1
TO-2019-ACH869,0
TO-2020-RAS526,0
CR-2020-JRB149,0
AB-2020-RMM844,1
AB-2019-HCR912,0
AB-2020-AAD461,0
TO-2019-TPF385,0
CR-2019-RÁ613,0
AB-2020-GDT000,0
CU-2019-LDT127,0
AB-2020-CBA202,0
AB-2019-HWC428,1
CU-2019-SB073,1
AB-2020-IRC094,1
TO-2020-ADA600,0
TO-2019-VP918,0
TO-2020-RRR582,1
TO-2020-RDS988,0
CR-2019-MDU408,0
AB-2019-HNP853,1
AB-2019-TRÁ005,0
CR-2020-JM704,1
TO-2019-MPB327,1
CR-2019-EB326,0
TO-2020-GAA115,0
CR-2020-BDC943,0
TO-2020-ACR002,0
CR-2019-CCR806,0
CR-2020-JDL665,1
TO-2019-DGB756,0
AB-2019-JIS936,0
CR-2020-APA654,1
CR-2020-SS354,1
CR-2019-AEF694,0
CR-2019-NDC362,1
TO-2020-MDS971,0
CU-2019-JÁR504,0
CR-2019-ÁDT390,0
TO-2019-ELM160,1
CR-2019-RCC694,0
TO-2020-YAB863,0
AB-2020-ZB680,0
TO-2020-DÁ862,0
TO-2019-JP454,0
TO-2020-EFL810,0
CU-2019-PDQ483,0
AB-2020-MAU562,0
AB-2019-CE841,0
TO-2020-ATS616,1
CR-2019-AMS047,0
AB-2020-MAS305,1
CU-2019-FGB761,0
TO-2019-VCB645,1
AB-2019-TEB196,0
CR-2019-YDT774,0
AB-2019-AMQ498,0
TO-2019-PDG696,0
CU-2019-SRM980,0
CR-2020-MI189,0
CU-2019-GV521,0
AB-2019-FMT174,1
TO-2020-TJC728,0
TO-2019-RPR606,0
AB-2019-ABD175,1
CR-2019-CCC388,0
TO-2019-SD755,1
CU-2019-JGT456,0
AB-2020-CPS257,0
TO-2020-PPV949,0
TO-2020-BJA232,0
CR-2019-JMT850,0
CR-2019-REE088,1
AB-2019-GS206,0
TO-2019-CAC919,1
TO-2020-AL446,0
TO-2020-TMC029,0
TO-2020-BR796,0
AB-2019-LTV277,0
AB-2020-AP839,0
CR-2020-LCB095,0
AB-2019-GBL369,1
CR-2020-SDC359,0
AB-2020-LDG219,0
TO-2019-MA081,1
TO-2020-CDS072,0
CR-2020-CVC863,0
TO-2020-TPE599,1
AB-2019-LMS454,0
CR-2019-LGR720,0
AB-2020-RFP260,0
AB-2020-KNA265,0
TO-2019-FCA315,0
CR-2019-MDC394,0
CU-2020-DS880,0
AB-2019-LDP710,0
AB-2020-ITF613,0
CR-2019-LCC354,0
AB-2020-MAS530,0
AB-2020-VBC780,0
TO-2019-HFM865,0
AB-2020-FGB993,0
CR-2019-MO826,0
CU-2020-DGB165,1
AB-2019-RMM925,0
AB-2019-ABL080,0
CR-2019-ÓSG408,1
TO-2020-CS491,0
CR-2020-ADR927,0
TO-2020-TRE748,0
TO-2019-URP155,0
TO-2019-CAF880,0
CR-2019-JCM077,0
CR-2019-COL757,0
CR-2020-JSB310,1
AB-2020-RV954,0
CU-2019-MMI294,0
AB-2019-EDL287,1
CU-2019-NA482,0
AB-2019-AD066,0
TO-2019-AV834,0
TO-2020-RPM481,0
AB-2020-JLP728,0
AB-2019-FAA414,0
AB-2020-IPP180,1
CU-2020-FDM466,0
TO-2020-OCP168,0
CR-2019-VML629,0
AB-2019-SCI685,1
TO-2020-SLM456,0
AB-2020-JHD272,0
AB-2020-VTH841,0
AB-2019-FDC275,0
CR-2019-ÁBP178,1
TO-2019-DCU066,0
TO-2019-TR341,0
TO-2020-SCB069,1
CU-2020-JDP323,0
TO-2019-FAU774,0
CR-2020-AES855,0
AB-2020-MVI147,0
TO-2019-OJR933,1
TO-2019-NP171,0
CR-2019-EÁ650,0
CR-2020-LDL472,0
TO-2020-MBN351,1
TO-2020-AVM704,0
TO-2019-PM656,1
TO-2020-NCC352,0
TO-2019-LSC134,0
TO-2020-JA023,0
AB-2019-ICA831,0
AB-2020-CVA929,0
TO-2020-BS684,1
CR-2020-JMB143,1
AB-2020-XPC055,0
TO-2019-VA534,1
CR-2019-AL945,1
CR-2019-AV590,1
TO-2020-NCV938,0
TO-2019-LVL939,0
AB-2019-MS476,1
CR-2019-CAE042,0
CU-2019-ERE059,1
AB-2019-MEL744,0
CR-2019-LDR271,0
CU-2020-FNV381,1
AB-2020-MN204,0
CU-2019-RMR509,0
TO-2020-ISM034,0
AB-2019-FRC202,1
CR-2020-EDP855,0
TO-2020-GL314,0
TO-2019-AFD539,0
CR-2020-OLL473,0
CR-2020-TMT531,0
CR-2020-LOP395,1
CR-2020-EG994,0
CR-2019-NGG085,1
TO-2020-FOU622,1
TO-2020-RRA607,0
TO-2020-GPF081,1
AB-2020-CA975,0
TO-2019-EDP456,0
AB-2020-EMC356,1
CU-2020-EAT099,0
TO-2020-EBC630,1
CU-2019-AG168,0
CU-2020-SÁB631,0
AB-2019-PVP386,0
TO-2020-HO593,0
CR-2019-NRR459,0
CR-2020-ÁÁA498,0
AB-2020-PAS899,0
TO-2020-CCG054,0
CR-2020-RJB862,1
TO-2019-EGM223,0
AB-2019-CAC585,0
TO-2019-LCR572,0
TO-2020-BBM535,0
CR-2020-CFN580,0
CR-2020-LAP346,0
TO-2020-BPG555,1
AB-2020-ATI145,0
CU-2019-JR454,1
TO-2019-CMT160,0
TO-2020-AVO786,1
AB-2020-ACY178,0
CR-2019-PG393,0
TO-2020-VBF863,0
AB-2020-RUM679,0
CR-2019-LC635,0
CR-2019-XGS815,0
CR-2020-MD443,0
CR-2020-VCT048,1
CU-2020-VAB689,0
CU-2020-SDC972,0
AB-2019-EEG564,1
CU-2020-OA485,0
CU-2020-CCF363,0
TO-2020-OR140,0
CR-2019-ITC877,0
AB-2020-VSS207,0
CU-2020-JGC098,1
CR-2019-ÁAR116,1
TO-2020-IGA519,0
AB-2020-RO707,0
CR-2020-MRM875,0
CR-2020-DMM928,0
AB-2019-DMC234,1
AB-2019-ERO145,0
AB-2020-ACM010,0
AB-2019-GCC676,0
TO-2019-TLP653,0
TO-2019-SA162,0
CR-2020-YTB330,0
CR-2020-CAA498,1
CU-2019-QF749,0
TO-2019-AGG468,0
CR-2020-RTA907,0
CR-2020-LBP359,0
TO-2019-MA292,1
TO-2020-RGF157,0
AB-2020-ASC238,0
TO-2020-SE580,0
AB-2020-GDT899,0
AB-2019-LF986,1
TO-2020-BLA284,1
AB-2020-VM374,1
CU-2020-ZPB084,1
AB-2020-GDL011,0
AB-2019-FAF117,0
CR-2019-PZR163,1
CR-2020-LC220,0
TO-2020-ÍTC195,1
AB-2020-CDU631,0
TO-2019-CEA216,1
AB-2020-BDC382,1
TO-2020-LMD186,1
AB-2020-BÉR437,0
CR-2019-MTC369,0
AB-2019-JCC160,0
CR-2020-MA159,0
TO-2020-VJ285,1
TO-2020-ERG600,0
AB-2020-OA692,0
CU-2020-SÁG021,0
CR-2019-LQ867,0
CU-2019-LCH401,1
CR-2019-MSS315,0
CU-2019-ODB367,0
CR-2019-TRY762,0
CR-2019-ANE284,0
TO-2020-JGL709,0
CR-2020-OAC655,0
TO-2020-NS636,0
CR-2020-EDP034,0
CU-2019-BAV189,1
CU-2019-EP850,0
CR-2019-AC101,0
TO-2019-ROB598,0
CR-2020-TB566,0
TO-2019-NP283,0
TO-2020-RMB311,1
TO-2019-WGE756,0
CR-2020-BO975,0
TO-2019-EBP251,1
TO-2019-RMC376,1
CR-2020-EMT868,1
CR-2019-SB990,0
AB-2020-MPC932,1
AB-2019-DC709,0
AB-2019-GPM216,0
TO-2019-VAM500,0
CR-2019-DSA623,0
TO-2020-HLF946,0
TO-2020-LM899,0
TO-2020-VRG520,0
CR-2020-CV691,0
CR-2020-CGP424,0
CR-2020-GBQ895,1
TO-2019-EA719,0
AB-2019-VLC985,0
TO-2019-RPA506,1
CU-2019-PAM270,0
AB-2019-ABL210,0
CU-2020-CE814,0
AB-2020-TDC337,1
AB-2020-LPC458,0
AB-2019-JR374,0
CU-2020-DCC579,0
CU-2019-MDA611,0
CU-2019-JMB953,0
CR-2020-DFF822,0
AB-2020-FDR006,1
CR-2019-RMH986,1
CR-2019-ISM013,0
CU-2020-OJG905,0
TO-2020-MG104,0
AB-2020-RC371,0
CU-2020-CLO517,0
CR-2019-RGT145,0
CR-2020-EM051,0
TO-2020-DVF655,0
TO-2019-BVB576,0
CU-2019-MDM215,0
AB-2020-BOH243,1
CU-2019-GCS445,0
CU-2020-ÍDB428,0
AB-2019-LRT235,1
AB-2019-ECS562,0
TO-2020-ECG056,0
TO-2019-ROT636,1
CU-2020-IGS877,1
CR-2020-CMV165,1
CU-2020-SBS314,1
CR-2020-ÁO379,1
TO-2019-RL459,0
CR-2019-MVP142,0
CR-2019-ACB190,0
CR-2019-STP702,1
TO-2020-RH575,0
CU-2019-CAL161,1
CR-2019-FZC697,0
CR-2019-CM443,0
TO-2019-JCG314,0
TO-2020-GVV940,0
TO-2019-ABA902,0
TO-2019-DCB687,0
CR-2020-EOL637,0
CR-2019-CM971,0
TO-2020-JMN017,0
CU-2020-CMA339,1
CR-2019-ACG290,0
AB-2020-GDR418,0
CR-2019-PBT449,1
AB-2019-LCR628,0
TO-2019-FDC120,0
TO-2020-FPS543,0
AB-2020-CAO456,0
CR-2020-SMP918,0
AB-2020-EPS866,0
CR-2020-MPP838,0
TO-2020-MCE391,0
AB-2019-JLG973,1
CR-2020-MGN184,0
AB-2019-PAC216,0
CU-2019-HBR724,0
TO-2020-EPR849,1
CU-2020-PLC231,1
CR-2019-RUG979,0
CU-2020-GE896,0
AB-2019-ADZ815,0
TO-2019-TCL224,1
CR-2019-PMM437,0
CR-2020-FC065,1
TO-2019-CGS873,1
TO-2020-FEC918,1
CR-2019-CSB113,0
CR-2020-JDA616,1
TO-2019-SSA339,0
AB-2020-ODL354,0
CR-2019-EPP790,0
CR-2019-SPS421,0
CU-2020-ÁDC181,0
AB-2020-CRV797,0
TO-2020-CFL336,0
TO-2020-TSQ682,1
CR-2019-PAR153,0
CR-2019-IRJ405,0
TO-2019-MHL939,0
CU-2020-OAL870,0
TO-2020-SPC228,1
TO-2019-PVC064,0
TO-2020-FPL643,1
CU-2020-JDC225,1
CU-2020-ÁA763,0
TO-2019-JAD101,0
TO-2020-MDF547,0
AB-2019-MCB863,0
CR-2020-CRJ428,0
CR-2019-MP195,1
CR-2020-PAC004,1
AB-2020-CEB426,1
CR-2019-DBP217,0
TO-2020-ZCG041,0
AB-2020-MPA619,0
CU-2020-CG331,0
TO-2019-LRG242,0
CR-2019-LMP233,0
CR-2020-REG351,1
AB-2019-ADC441,1
CR-2020-ATB069,1
AB-2019-ESM644,0
CR-2020-ALR594,0
TO-2020-IO865,0
TO-2020-MJB569,0
CR-2020-FRV104,0
CU-2020-SCP031,0
CU-2020-NPB540,0
TO-2020-ESG078,0
CR-2020-JV810,0
AB-2020-AGD617,0
TO-2019-JBL575,0
CU-2020-FBL236,0
CR-2020-JSS789,1
CR-2020-JFM617,0
AB-2020-MMB940,1
CU-2020-ACS805,1
CR-2020-NLG113,0
TO-2019-AGN657,1
AB-2020-FUB967,0
AB-2019-JLR120,1
AB-2020-VP541,0
TO-2019-CDF455,0
AB-2019-RSD947,1
TO-2019-RBQ049,0
AB-2020-RSR271,1
AB-2019-BH964,0
TO-2020-CNB823,0
AB-2019-RDM974,0
CU-2020-FAB056,0
TO-2019-ADM486,0
CR-2020-NC979,0
CR-2020-IGA930,0
CR-2020-CLA423,0
CR-2019-WCM626,1
TO-2019-GA061,1
TO-2019-LPB486,0
CR-2020-BDJ951,0
CU-2020-JJC570,0
TO-2020-DBG914,1
AB-2020-AGP455,1
CR-2020-EAM928,1
TO-2020-SMS538,0
AB-2019-EOM894,0
AB-2019-AGC548,1
TO-2020-JBS488,0
TO-2020-ADS200,0
AB-2019-SHS893,0
TO-2020-CG029,1
TO-2020-CF428,0
CR-2020-AAT693,0
TO-2020-ACC691,1
CR-2020-EMG322,0
CR-2019-MJM614,1
TO-2020-RBT664,0
CU-2020-LAB406,0
TO-2020-HGF467,1
CR-2020-JLC961,0
CR-2020-NPV824,1
CR-2019-CC946,1
TO-2019-NRT934,0
AB-2020-RGM093,0
CU-2020-PV769,1
TO-2020-OBA126,1
TO-2020-OA982,0
TO-2020-RCS581,0
TO-2019-ML718,0
TO-2019-PAT495,1
AB-2020-LCH157,1
TO-2019-JNN736,0
AB-2020-ABM884,1
TO-2019-HAB789,0
CR-2019-MD085,0
CU-2020-AMP938,0
CR-2019-EVM412,0
AB-2020-DAN958,1
AB-2019-CMP299,0
TO-2020-FPB249,0
TO-2019-FPF007,0
AB-2020-HLV322,1
TO-2020-EOA470,0
TO-2020-DGA946,1
CR-2020-BAF228,0
AB-2019-ADB970,0
TO-2020-IBG782,0
CR-2020-FGV105,0
AB-2020-GCO867,1
TO-2019-TPJ984,0
CU-2020-PHL683,0
CU-2020-AAL100,0
CR-2019-CRS926,0
CU-2020-LMP672,0
TO-2020-GCI726,1
CU-2020-MB243,0
TO-2019-BLG824,1
TO-2019-EAV784,0
CU-2019-NGC671,1
AB-2019-ADB351,1
TO-2019-AP375,0
TO-2020-AGV436,1
CU-2019-VDB595,0
CU-2019-EAB450,0
CU-2020-MMN362,0
CU-2019-OBZ265,0
CR-2020-FAG699,0
AB-2019-GRS029,0
CR-2020-IBR642,0
AB-2019-MDD719,0
CU-2020-YCJ709,0
CU-2019-EFB726,0
TO-2019-CDP892,1
CR-2020-NAR703,0
CU-2020-NCL298,0
CR-2019-RMM227,1
CR-2020-FDD121,1
CR-2019-TDC661,0
TO-2020-AC249,1
TO-2020-RVS338,0
AB-2020-NPA532,0
TO-2019-MCP767,0
CU-2019-AC572,0
TO-2020-RSQ459,0
TO-2020-ARB190,1
CR-2020-AIC156,1
TO-2019-LC042,0
CR-2019-CPP628,1
CU-2019-MBA900,0
TO-2019-PRV758,0
CR-2019-JSV199,1
TO-2019-EAV308,0
CR-2020-ACR451,1
CU-2020-DRP552,0
AB-2019-FFP627,1
CR-2019-ACE584,0
TO-2019-JDC559,0
CR-2020-SPC492,0
AB-2020-ESP924,0
TO-2019-JST133,0
CR-2020-MJE379,1
CU-2019-PIR933,1
AB-2020-JR598,1
AB-2020-CSH599,0
TO-2020-UHD185,0
AB-2020-FDM227,0
CR-2020-RSC839,0
AB-2019-MÁM629,0
TO-2019-CCV676,0
CR-2019-CFM077,0
TO-2020-ADS832,0
CR-2019-ARB792,0
TO-2020-ARM828,0
TO-2020-DBP295,0
CR-2020-THA464,0
AB-2019-EDB527,0
CR-2020-JTP203,0
CR-2019-CD738,0
TO-2020-DA766,1
TO-2020-AN434,0
TO-2019-PAR329,0
CR-2020-MÁP149,0
CR-2019-VGS849,0
AB-2019-CPS021,1
AB-2020-QCC932,0
TO-2019-XSR446,1
CR-2020-LB225,1
AB-2019-MDS178,0
CU-2020-GSO830,0
AB-2020-PJB570,0
CR-2019-DAC675,1
TO-2020-VNB138,1
AB-2020-BCG864,0
TO-2019-ATA861,0
TO-2020-CB930,1
CR-2020-EA816,1
CU-2020-CAA115,0
CR-2019-SDA946,0
CR-2019-ABI780,0
CU-2020-NUA161,0
TO-2019-RÁA447,0
CR-2019-MBM922,0
CR-2020-CBA948,0
TO-2019-CRL146,0
AB-2019-LP769,0
AB-2019-DMH409,0
CR-2020-RVR786,1
AB-2020-GDQ806,0
AB-2020-MDM794,0
CU-2019-JFT548,1
CU-2019-QV528,1
CU-2020-NSS582,0
CU-2020-MMC100,0
TO-2019-LAG702,0
TO-2019-LMV947,0
TO-2019-LFF746,0
AB-2019-YDM973,0
AB-2019-GCI289,0
CR-2020-JDH560,1
CU-2019-HRC155,0
TO-2019-PDJ254,1
CU-2020-LTO526,0
CU-2020-PRB611,0
AB-2020-JAD831,0
AB-2020-CG679,0
AB-2019-SEA490,0
TO-2020-EMA082,0
TO-2020-MBM107,0
TO-2020-LU645,0
AB-2019-ÁAF170,1
CR-2019-VTM018,0
TO-2019-PCF252,0
TO-2020-BB789,0
TO-2019-PCC628,0
TO-2020-AGB203,0
CU-2019-SJL326,1
TO-2020-OCV235,1
TO-2020-ZBG695,0
TO-2020-JFP913,0
TO-2020-CBP213,0
TO-2020-MJC673,1
AB-2020-SLÁ769,0
CR-2019-NM585,1
AB-2019-RPM410,0
TO-2019-ATC428,0
CU-2019-BSA106,0
CR-2019-CFG546,0
AB-2020-ALB726,0
AB-2019-JDC676,1
TO-2019-RSP315,0
AB-2019-IPA417,0
AB-2019-JMC729,1
AB-2019-ADA311,0
CU-2020-WGC267,1
CR-2019-OGG033,0
TO-2020-NMJ841,0
AB-2020-JDG821,1
CR-2020-DDG540,1
TO-2020-EBB939,0
AB-2020-ERN786,0
CR-2020-IL487,0
CR-2020-TAA348,0
AB-2019-SÁP094,0
AB-2019-EAR405,1
CR-2020-AP290,0
CU-2019-NHI340,0
TO-2019-GEP048,0
TO-2019-LVC935,1
CR-2020-MIG072,0
AB-2020-CFL492,0
CR-2019-AAS231,0
CR-2020-DM727,0
CR-2020-NB285,1
TO-2020-MBD716,1
CU-2019-ODH392,0
CU-2019-FGM192,1
AB-2020-RPV918,0
AB-2020-FV845,1
CR-2019-EC937,0
CR-2019-LCM037,1
TO-2019-BIF505,1
CR-2020-MDC947,1
AB-2019-ECM282,0
CR-2020-CAH891,1
AB-2020-EG106,0
AB-2020-CBS863,0
TO-2020-BNB174,0
CR-2019-PG264,1
TO-2019-RFC945,0
AB-2020-ATM746,0
TO-2020-AIA274,1
CU-2019-RCM421,1
AB-2019-IAP099,0
AB-2020-SCM174,0
AB-2019-CBR378,1
CR-2020-FOT248,0
CR-2019-HLL532,0
CU-2019-LM739,0
CU-2019-GA852,0
CR-2020-PS720,0
CU-2020-ERM627,0
TO-2019-RAG617,0
TO-2019-THA344,0
TO-2020-CFB824,0
CR-2020-CRC502,1
TO-2019-CR509,1
AB-2020-IRF065,0
AB-2019-RDM748,0
CR-2020-JDC636,1
CR-2020-JCV297,1
CU-2019-ALL064,0
AB-2020-OPP339,0
CU-2019-GGG562,1
CR-2019-PAM701,0
AB-2020-MAA469,1
AB-2019-ME180,1
CR-2019-JÁA774,0
TO-2019-GI104,1
CR-2020-GDC120,0
AB-2020-GA182,0
TO-2019-STN011,0
CR-2020-ASA486,0
CU-2019-AVP426,0
TO-2020-APM009,0
AB-2020-CE819,0
AB-2020-TDV353,0
CR-2019-ICC550,0
CR-2019-LTA250,1
TO-2019-VOA505,0
TO-2019-RHC029,0
AB-2020-LEB056,1
TO-2019-AHM996,1
AB-2019-MV093,1
CU-2020-CMC637,1
CR-2019-CP370,0
TO-2020-RDL379,0
TO-2019-RAB682,0
CR-2020-DRC001,1
TO-2019-EAB779,0
CU-2019-EMP589,0
CR-2019-RCB471,0
CU-2020-PRV548,0
TO-2020-EDC540,0
CR-2020-TDV068,0
CR-2020-AGF492,0
CR-2020-ATF662,0
AB-2019-CV078,1
CR-2020-FGA064,0
CU-2019-RAO458,1
TO-2020-AJZ880,0
TO-2019-LPH639,0
AB-2019-AVM936,0
TO-2020-VFU016,0
AB-2019-EBC183,0
CU-2020-NB559,0
TO-2019-CPO065,0
TO-2019-BR254,0
TO-2019-BRG740,1
CR-2019-CPI311,0
CU-2019-BSS066,0
CR-2019-NDP416,0
AB-2020-OM180,0
CR-2019-ECP517,0
AB-2019-AFC408,1
AB-2019-CMG300,0
CR-2020-FDR869,0
TO-2020-FCS826,1
CU-2019-PSD413,0
TO-2019-CV749,0
AB-2020-VTB579,0
CR-2020-NBB719,0
CU-2020-EMF043,1
AB-2019-AMD126,0
TO-2019-DCS924,0
AB-2020-SS033,1
TO-2020-TP120,1
CR-2019-JMR829,0
AB-2019-NMM629,1
AB-2019-DRD920,0
TO-2019-BLP101,0
TO-2019-NEM730,1
AB-2020-PV353,0
AB-2019-ARG989,0
CR-2019-MDC427,0
CU-2019-CB260,1
CR-2019-IFR513,0
CR-2020-BTJ069,0
CR-2020-PDS967,0
CU-2020-JDZ719,0
TO-2020-AVP084,0
AB-2020-NMJ746,0
TO-2019-FJQ666,0
CR-2019-SA945,0
TO-2019-LT986,0
TO-2020-BM218,0
CR-2019-FCR783,0
CR-2019-FCR753,1
CR-2019-EAG024,0
AB-2020-ASJ431,1
CU-2020-IDM027,0
AB-2019-LLT565,0
TO-2019-EV302,0
CU-2020-DC603,0
TO-2020-RRI693,1
CU-2019-RPM477,0
CU-2020-ADS806,0
TO-2019-RT632,0
TO-2020-NMG302,0
AB-2020-HCM251,0
TO-2020-CRT853,1
TO-2020-VMC384,0
TO-2019-ABP275,1
AB-2019-BDJ155,1
AB-2019-ZGP838,0
AB-2019-JGP299,0
TO-2019-RMS474,0
CR-2019-HS909,1
CR-2019-VDC515,1
AB-2019-FVC941,0
AB-2020-NVP337,0
CU-2020-RVM958,0
CR-2020-RCS018,0
CR-2020-ACA407,0
TO-2020-OCA394,1
AB-2019-TA596,0
CR-2020-EOH425,0
CR-2019-IOB231,1
CR-2019-PAQ312,0
TO-2020-MAA493,0
CR-2019-ASB443,1
CR-2020-EEC375,0
CR-2020-PMC849,1
CR-2019-PFS857,0
CR-2020-MA803,0
CR-2019-VMM917,1
CU-2020-BDP463,0
CR-2019-ROM886,0
CR-2019-ADM359,0
TO-2019-FSC267,0
AB-2020-ÁAC701,0
AB-2020-CLC317,1
CR-2019-PDU728,0
AB-2019-MDC816,0
CR-2020-GDL175,0
CR-2019-RTT075,1
TO-2020-AHG099,1
TO-2019-RCD910,1
AB-2019-WCB122,0
CU-2020-IBV770,1
CU-2019-DRC780,0
TO-2019-DSS728,0
TO-2019-XP148,0
TO-2020-MCS740,0
TO-2020-JPA333,1
AB-2020-MPC717,0
CR-2020-CCO061,0
AB-2019-FC589,1
CR-2020-CD027,1
AB-2019-RGB915,0
TO-2019-EPP675,1
TO-2019-JLG222,0
AB-2020-GGL240,0
TO-2020-BNB952,0
CU-2019-CDB277,0
CR-2020-GDS130,0
CR-2019-AVL186,0
AB-2020-THP978,0
AB-2020-BRA972,1
AB-2020-CSJ763,0
CR-2019-BDB008,0
CU-2020-VBR074,1
AB-2019-JFL922,1
CU-2019-AR016,1
CR-2019-ADS311,0
CR-2019-BSR939,0
CU-2020-VMC941,0
TO-2019-RIS969,0
AB-2019-SI600,0
TO-2020-IDB034,0
CR-2019-FMA378,0
CU-2020-CC792,0
CR-2020-TAC588,0
CR-2019-GMA093,1
AB-2019-ÁAA806,0
TO-2019-MCD526,0
TO-2020-IPS010,1
CU-2020-MPM140,0
TO-2019-RDA568,0
TO-2019-MPS748,1
CU-2020-CM976,1
CR-2020-LMV239,0
CU-2020-MCR551,0
AB-2020-NP993,1
AB-2020-CRC756,0
CR-2020-AH614,1
CR-2019-DNF293,0
TO-2019-LMG671,0
CR-2019-AC217,0
TO-2019-LRO435,0
TO-2019-LBM919,0
CU-2019-VAE569,1
CU-2019-DGN191,1
TO-2020-MDC559,1
CU-2019-LP559,0
AB-2019-PDM826,0
CR-2020-JP634,0
CR-2019-HN932,0
CR-2020-JB974,0
AB-2019-ISC703,0
TO-2019-SDA391,1
CU-2019-MMM414,0
TO-2020-ETR315,0
TO-2019-ME621,1
CR-2020-EAC463,0
TO-2020-ECC323,0
CR-2020-TDF147,1
CR-2019-BBO921,1
CR-2020-JTA980,0
CU-2019-JMF381,0
CU-2020-DT557,1
CR-2019-DAG147,0
AB-2019-ARC589,0
TO-2019-VCE803,0
CU-2020-EAT121,0
TO-2020-CAR830,1
CR-2020-SB467,0
CU-2019-CBC782,1
AB-2020-MC295,1
TO-2020-CP302,0
AB-2020-ÓVB514,0
TO-2020-SIM187,0
TO-2020-MBP466,1
TO-2020-RCB793,0
TO-2020-MJV443,0
TO-2020-LPQ283,1
CR-2019-AMC482,0
AB-2019-VBG914,0
TO-2019-MMS556,1
AB-2019-LMC802,0
AB-2020-EAS463,0
AB-2019-VP777,0
AB-2020-ÁAG275,0
CR-2020-PSB987,0
AB-2019-APÁ715,0
AB-2020-SQL831,0
TO-2020-ECA472,0
CR-2019-RAT439,0
AB-2020-PB347,0
CR-2019-EDS483,0
CR-2019-MMA306,1
AB-2020-RM167,0
TO-2019-PCB950,1
TO-2019-GCM868,1
TO-2020-MBN054,0
TO-2019-ÍOA559,1
TO-2019-LAI895,0
TO-2019-MÁR918,0
CU-2019-ZDU587,0
AB-2020-FDM856,0
TO-2019-MR538,0
CR-2019-JMA222,1
TO-2019-RSL884,0
TO-2019-LAL072,0
AB-2020-RPV541,1
CU-2019-MCR721,0
CR-2019-IDG014,0
TO-2020-JZH524,0
TO-2020-GDQ306,1
AB-2019-NRC864,1
TO-2019-EP230,0
CU-2019-BQ704,0
TO-2019-PSS571,0
TO-2020-CDG195,0
AB-2019-ALL232,0
TO-2019-FDP187,0
AB-2020-MCM738,1
AB-2019-GDM686,0
CU-2019-BSA573,0
CR-2019-FAB202,1
TO-2019-ASN796,0
TO-2019-JMD261,0
CR-2020-PAP301,0
TO-2020-PP296,1
CR-2020-AGT230,0
CR-2020-FAC114,0
TO-2019-POD449,0
CR-2020-XCP726,0
CR-2019-VJM650,1
TO-2020-AMM324,0
AB-2019-EGL409,0
AB-2020-JJG517,0
AB-2019-FDS772,0
CR-2020-AVB357,0
TO-2020-MA810,0
AB-2019-JEF285,0
AB-2019-EMB273,0
AB-2020-HPC364,1
TO-2020-RCO051,0
TO-2020-ÁR507,0
AB-2019-FDA744,1
AB-2020-GDG388,0
CR-2019-EST532,0
CR-2019-JRG862,1
CR-2020-ÚBI135,0
TO-2019-AR036,0
AB-2020-BDC416,1
CU-2020-ABP833,0
CR-2019-GBR808,1
CU-2019-RSM336,0
AB-2020-SDC904,0
AB-2020-SA687,0
TO-2019-XDM883,0
AB-2020-MTR513,0
TO-2019-DP758,0
AB-2019-STE338,0
TO-2020-NEC468,0
AB-2020-LMC905,1
AB-2020-RCA476,1
TO-2020-LVC588,0
CR-2019-PRA960,1
AB-2019-OJS292,1
CR-2020-BAC998,0
CR-2020-MA744,0
AB-2019-FDL599,0
TO-2019-FJU222,0
AB-2019-SDM654,0
CR-2019-DPJ522,0
CR-2019-FZS389,0
CR-2019-MAM991,0
TO-2020-MLB001,0
AB-2019-CMA985,0
TO-2020-ATM574,0
TO-2019-MDP784,0
AB-2019-JB499,1
AB-2019-ML371,0
AB-2020-TV007,0
TO-2020-DDB177,0
TO-2020-GM902,1
CR-2020-MM578,1
AB-2020-AMP028,1
TO-2019-HQZ497,0
CU-2020-MA397,0
AB-2020-MAL061,0
TO-2019-HPR964,0
TO-2019-CL396,0
CR-2019-YBC889,1
CR-2019-AFF118,1
CR-2019-ABV374,1
AB-2020-EG191,0
TO-2019-ER116,0
TO-2019-CRM815,0
CR-2020-MRT746,0
TO-2019-WRT463,0
CU-2019-FAM390,0
CR-2019-LDN813,0
TO-2020-AM372,0
CR-2020-OBF573,0
CR-2019-MBP938,0
AB-2019-MRB983,0
CU-2020-BS772,0
TO-2019-IGM310,0
TO-2020-EMC206,0
CU-2019-MIL862,1
AB-2019-RDS410,0
TO-2019-AQ784,0
CR-2019-LVY820,0
CR-2020-RDS859,0
CR-2020-OR490,0
CR-2019-AGQ126,0
CU-2020-DÁ648,0
CU-2019-AMS739,1
TO-2019-RP450,0
AB-2019-DDT157,1
CR-2019-CC717,1
TO-2019-APB957,1
CU-2020-CSV054,0
TO-2019-ADI690,0
AB-2020-CAC172,0
CR-2020-PDB370,0
CU-2019-LPO193,0
TO-2020-FTC494,0
CR-2020-LPZ407,0
AB-2019-JCV625,0
CU-2020-TPG593,0
TO-2019-ME325,0
AB-2019-ACI127,1
CU-2019-ICS498,0
CR-2020-LGG632,0
AB-2019-CDA729,0
CR-2019-PPP618,0
TO-2019-LC742,1
CU-2020-NPV069,1
CU-2020-GJI032,1
CR-2020-ES775,1
TO-2019-MDB651,0
AB-2020-BPP751,1
AB-2019-MRA574,1
CR-2019-LZC874,0
TO-2020-TRU056,0
CR-2019-BSC622,1
CR-2020-CHF549,0
TO-2020-ALP268,0
TO-2019-HDR306,0
AB-2019-MV815,1
AB-2019-ARE767,1
TO-2020-FPV256,0
CR-2019-AQB835,0
AB-2020-CRL647,0
AB-2019-VSR390,0
TO-2020-CRO329,0
AB-2020-ADA194,1
TO-2020-MCR933,0
AB-2019-TFM734,0
CU-2020-AGC765,1
CU-2019-CAC421,0
TO-2020-AMP810,0
AB-2019-RSU436,0
CU-2019-AL608,1
AB-2019-ACE760,1
TO-2020-FPB072,1
AB-2019-FCG922,0
AB-2020-BTF354,0
TO-2020-LMD676,1
CR-2019-RGF760,0
AB-2020-RSS493,0
TO-2019-GAS334,0
AB-2019-RDP875,1
AB-2019-TDG554,0
TO-2019-LGN152,0
CR-2020-IV772,1
AB-2019-AFÁ489,1
TO-2020-YMT829,0
TO-2020-EMB564,0
CU-2020-VSC840,0
AB-2020-FJT271,1
AB-2020-LDC645,0
CR-2020-EAL353,0
TO-2019-FPA878,1
CU-2020-AG164,0
CR-2019-GEN450,0
AB-2019-LBÁ900,1
CR-2019-VAO811,0
CU-2019-MHD182,0
CR-2020-CP193,1
CR-2020-CBM348,1
TO-2020-GS839,0
AB-2019-MÁN531,0
TO-2019-MLA200,1
TO-2020-GMP311,0
TO-2020-LAG949,0
AB-2020-LJ167,0
AB-2020-NM382,0
AB-2019-CMH130,0
AB-2019-IMM173,0
TO-2020-CM479,0
AB-2020-MVC055,1
TO-2020-SSR772,1
TO-2019-CDA610,0
TO-2019-MC776,0
TO-2020-NGG638,1
AB-2019-DV317,0
CU-2020-LDG949,1
CR-2020-LCM834,0
TO-2019-IFP340,0
CU-2020-ANA972,1
CR-2020-ASB296,1
TO-2020-GVT294,0
CR-2020-GGR980,0
CU-2020-DVP308,0
CR-2020-CAV947,0
CU-2020-VNP586,0
CR-2020-EEA680,1
CR-2020-SRA027,0
CR-2019-JMD321,0
TO-2019-JLÁ804,1
TO-2019-CEO864,1
CR-2020-VMC298,1
TO-2019-HFT928,1
AB-2020-CPC176,0
AB-2020-EVP205,1
TO-2019-JIL484,1
CR-2019-MMM844,1
CR-2019-APC304,0
CR-2019-HCG123,0
CR-2019-VDI999,0
TO-2019-CM163,1
CR-2020-EP976,0
CU-2020-APF603,0
CR-2019-PRT610,0
CU-2019-TRU169,0
TO-2020-CSA844,0
CR-2020-LCC833,0
AB-2019-MRB339,1
TO-2019-EFM754,0
AB-2019-GA799,0
CR-2019-BFS489,0
TO-2019-HP650,0
TO-2019-CDA631,1
AB-2019-NCP976,0
AB-2019-SUP447,0
CR-2019-MET263,1
CR-2019-JDM747,0
CU-2019-MA797,1
TO-2019-ODA757,0
TO-2020-OCP433,0
AB-2019-AE812,0
CU-2020-PMN450,0
CU-2020-ZGD813,0
AB-2020-MCC668,0
AB-2019-MMA234,0
TO-2019-MC156,1
TO-2020-GPO608,1
CR-2019-LH700,0
AB-2020-SVA118,0
TO-2019-VCP355,0
TO-2020-ENG396,0
AB-2020-GCP688,1
TO-2019-VDE074,0
CR-2020-JD292,0
AB-2019-CMP358,0
CU-2020-GP742,0
TO-2019-LLA040,0
CR-2020-LEC921,0
TO-2020-SLM812,0
TO-2019-SGH155,0
CU-2020-DEE969,1
CU-2019-OS641,0
TO-2019-CQ328,1
CU-2019-AE933,0
CR-2020-MJA572,1
TO-2020-ARP049,1
AB-2020-FO539,0
CR-2019-SAL330,1
TO-2019-GNC822,0
CR-2020-GDL869,0
CU-2020-GAP761,0
CR-2020-FBS896,0
AB-2020-RVZ232,0
TO-2019-RVB444,0
CR-2020-CDC437,1
TO-2019-IGH961,0
AB-2019-PCS380,0
CR-2019-PÁV911,1
TO-2020-AFZ003,1
TO-2020-ML941,0
AB-2020-PR700,0
TO-2020-ACR346,1
AB-2019-MCR662,1
CU-2019-MP987,0
CU-2019-EGV286,0
TO-2020-ELE707,0
TO-2020-HRC179,1
CR-2020-AAC716,0
TO-2020-TMS214,0
TO-2020-GGC764,0
CR-2020-AAC822,1
TO-2020-ÁDG884,0
CR-2019-MBA233,1
TO-2020-PSS259,0
CR-2020-JR734,0
AB-2020-JPT050,1
AB-2020-EF146,0
AB-2020-RN460,1
AB-2020-CJM397,0
TO-2019-OBJ564,1
AB-2019-RRP211,0
AB-2020-MAS238,0
TO-2020-DA714,0
TO-2019-FV792,1
CU-2019-OSL768,0
AB-2019-XP089,0
TO-2020-AJC383,1
CR-2020-CPJ301,0
CR-2020-ESM831,0
TO-2020-ECB759,0
AB-2020-PDM282,0
AB-2019-ÁG221,0
AB-2020-BBP491,0
TO-2019-SDC684,0
CU-2020-BAS453,0
CR-2020-IDV793,0
AB-2019-IBM491,0
TO-2020-ZAD560,0
CR-2020-ACA825,0
TO-2019-SNS888,1
TO-2019-GDP178,1
TO-2020-IOT423,0
TO-2019-SDG190,1
CU-2020-EDE125,0
TO-2019-LAM107,0
AB-2020-HEA475,0
AB-2019-CCP146,0
TO-2020-WYM191,1
TO-2020-BDP952,0
AB-2019-ASS536,0
AB-2019-DGM041,1
TO-2020-GP619,0
CR-2020-ÁDP350,0
CU-2020-CC530,0
CR-2020-CCC278,0
AB-2020-END542,1
AB-2020-LBB797,0
CR-2019-LNS026,0
TO-2019-MHB022,0
CU-2019-EAM418,0
AB-2020-ASD173,0
TO-2020-GC549,0
CU-2020-PP686,0
AB-2020-ÍPA059,0
CU-2019-FV284,0
CU-2019-JZS707,1
AB-2019-ABM285,1
CU-2020-ROS506,1
TO-2020-GGN030,0
AB-2020-RCR214,0
TO-2019-ERM313,0
TO-2020-JJA746,1
TO-2020-JAP449,0
TO-2020-AJC851,0
TO-2020-COS955,0
TO-2020-NCR786,1
AB-2019-DBF920,0
CR-2019-GRC991,0
TO-2019-JA936,1
CR-2020-CGE090,0
CR-2019-SAP360,0
TO-2019-HCB804,1
CR-2020-MC097,0
TO-2019-CAI743,1
AB-2020-BCJ534,0
TO-2019-RTV279,0
AB-2019-CT385,0
CU-2019-CP169,0
CR-2020-GR376,0
TO-2019-EDL052,1
CU-2019-JDC352,0
AB-2020-VDS036,0
CR-2020-PDP243,0
CU-2019-MPC276,0
CU-2020-ALS519,1
CU-2019-VRG876,0
AB-2020-NSO503,1
TO-2020-ALC299,0
TO-2020-FPM158,0
TO-2019-ZBC246,0
TO-2019-MSA958,0
TO-2019-ADM498,0
TO-2020-BML759,0
AB-2020-AL354,1
TO-2019-JE814,0
CR-2019-CAZ545,0
AB-2020-MCJ018,0
CR-2019-BDA045,0
CR-2019-SDC673,0
AB-2019-NMB311,0
AB-2019-RIM899,1
TO-2019-LAA277,0
CR-2019-GGP524,0
CR-2020-FGA334,1
TO-2020-GDR535,1
CR-2019-MMC220,0
CU-2019-ALG818,0
TO-2019-MB242,0
CR-2020-AAP425,1
TO-2019-FAT878,0
AB-2019-MOF158,1
TO-2020-LDP285,0
TO-2019-ANG248,0
AB-2020-NMJ035,0
TO-2020-MP001,0
AB-2020-MCA606,0
AB-2020-ENG522,0
CU-2020-GRD021,0
CR-2019-HMS974,1
AB-2020-RB631,1
TO-2019-OEP043,0
TO-2020-MDL421,0
CR-2020-PJG303,0
AB-2020-HFP792,0
AB-2019-LMG415,1
AB-2020-ÁPL656,0
CR-2019-OS304,0
CU-2019-DBS985,0
TO-2020-ZLC942,0
TO-2019-BAN821,1
TO-2019-JGA784,0
CR-2020-GCH924,0
CU-2019-HA558,1
CU-2020-LDF051,0
TO-2019-ENF984,0
TO-2020-CDL902,1
TO-2019-PC442,0
TO-2019-GPO769,0
TO-2020-SQP810,0
TO-2020-AZS059,0
AB-2020-CMM020,0
CR-2019-ACB101,0
CR-2019-ABM467,0
TO-2020-AMC591,0
AB-2020-DHA994,0
TO-2019-JTC107,0
AB-2020-ADL683,0
CU-2020-BFP555,0
CR-2019-EPS592,0
TO-2019-ROH133,1
CR-2019-ETH924,0
AB-2020-AHR499,0
AB-2020-ADE303,0
AB-2020-AT962,0
TO-2020-MSL499,1
AB-2020-PA417,0
TO-2019-NMV695,1
CR-2020-RSA680,1
AB-2019-LGA073,0
TO-2019-NA973,1
TO-2020-AC854,1
TO-2020-FDF922,0
AB-2019-RL029,0
TO-2019-PEP620,1
CR-2020-ARI137,0
AB-2019-JVA751,0
CU-2019-NP760,0
AB-2019-NS536,1
TO-2020-UPF203,0
CR-2019-FBR100,0
TO-2020-ADR073,1
TO-2020-PAM881,0
AB-2020-SJM110,0
TO-2019-BMC392,0
CU-2019-HCG979,0
TO-2020-NP483,1
TO-2019-JJM214,0
CR-2019-LDA673,0
AB-2020-ZGT093,1
AB-2020-ÁSR755,0
CR-2019-PMA445,0
CU-2020-ADM680,1
AB-2019-RMP175,0
TO-2020-MAO801,0
TO-2020-CM267,0
CR-2020-ICP250,0
TO-2020-EDA389,0
CR-2020-JCM142,0
TO-2019-TNS622,0
CU-2020-MDS559,0
AB-2020-HRC460,0
CR-2020-MGA111,0
CU-2019-FP251,0
AB-2020-RGR529,0
TO-2019-JCR352,0
AB-2020-ACB980,1
CU-2020-GAA925,0
TO-2019-JE775,0
CR-2019-RVC137,0
CR-2020-DM848,0
AB-2019-PL740,1
TO-2019-RZ165,0
AB-2020-ASM812,1
CU-2019-HPA429,0
AB-2019-IG707,1
CU-2019-ATV560,0
AB-2020-SMA855,0
CU-2020-CC019,0
CU-2020-MV056,0
CR-2019-ECG897,0
TO-2020-MMC427,0
TO-2020-CEQ208,0
TO-2020-NSV129,0
AB-2019-IRR438,1
TO-2019-PFB891,0
AB-2020-MRD989,0
CR-2019-HAF939,0
CR-2020-MCT698,1
AB-2019-FRS946,0
TO-2020-VFC943,1
TO-2020-LCP907,0
AB-2019-MT845,0
TO-2019-LÁS670,0
TO-2019-CIG657,0
CR-2019-IBM432,0
AB-2019-UR125,1
CR-2019-ÍC642,0
CU-2020-PCV689,0
AB-2020-ER609,0
TO-2020-MJP613,0
TO-2019-EA122,0
TO-2019-LMO599,0
CU-2019-BMV021,0
TO-2020-PCP099,0
TO-2019-OHR640,0
CR-2019-RDB583,0
CU-2019-CBC017,1
TO-2020-ISD043,0
AB-2019-ESC784,0
CR-2020-ECÁ219,1
AB-2020-MZS001,0
TO-2020-ABC371,0
CR-2020-ACA089,1
AB-2020-ZL215,0
AB-2019-OAR293,0
CR-2020-EPB086,0
TO-2020-TEV715,1
CR-2019-EC989,0
CR-2019-JCC522,1
AB-2020-LAJ138,0
TO-2019-HAB944,0
TO-2019-ADV813,0
CR-2020-PLC221,0
CR-2019-CPC197,1
CR-2020-GHP766,0
CR-2019-ACM828,0
TO-2020-YS838,0
TO-2020-JBL404,1
TO-2019-ASB335,0
AB-2019-JSS307,0
CR-2020-ADM769,0
TO-2019-LM066,0
AB-2020-JÁC994,0
CU-2019-MP612,1
AB-2019-JJS905,0
TO-2020-AMS983,0
TO-2020-PF573,0
CR-2019-ZDN459,0
AB-2020-CPT830,0
AB-2019-RBA511,0
CR-2020-NAL470,0
AB-2019-LEI103,0
AB-2020-CDC518,0
AB-2020-EVR633,1
TO-2020-GDH433,0
CR-2020-BER171,0
CR-2020-ER096,0
AB-2019-RCB318,1
CR-2020-AAA901,0
AB-2020-TGV503,0
TO-2020-GNR170,0
TO-2020-FZR049,0
CU-2020-VVP682,0
AB-2020-MBR711,0
CR-2020-FFG779,0
CU-2020-NVE735,0
AB-2019-SC665,1
TO-2019-AUH268,0
AB-2019-ACJ712,1
CR-2020-RSF907,1
TO-2020-FNE218,0
CR-2020-JMD675,0
TO-2020-MSA669,1
CR-2020-IP459,0
CR-2019-JAG829,1
AB-2020-PCI436,0
AB-2019-FTC551,0
CR-2019-NRB199,0
CR-2019-MA524,0
AB-2020-EDL514,1
CR-2019-BCC920,0
CR-2019-AC451,0
TO-2020-FDG697,0
CR-2020-ETA897,0
CU-2019-PAB708,0
CU-2019-ÁEM371,1
CR-2020-MCM720,0
CU-2020-EP133,0
TO-2020-JME483,0
AB-2020-ECC415,1
CU-2019-HOC142,0
CR-2019-DCE196,0
AB-2020-PE849,1
TO-2020-CR053,1
AB-2019-SAB369,0
CR-2019-JIC190,0
AB-2020-AZO077,0
AB-2019-CVO519,0
AB-2020-RPP092,0
TO-2020-ASP174,0
CR-2019-GDP196,0
CU-2019-NF351,1
TO-2019-CBP792,0
CR-2020-PCN603,0
CR-2019-MMB279,0
CR-2019-AMC817,0
CR-2020-PTJ822,1
CR-2020-IOA562,0
CR-2019-FLG318,0
AB-2019-MG737,0
AB-2019-CDV231,0
CR-2019-AFA878,0
TO-2020-MC046,0
AB-2019-BDB525,0
CR-2019-JQC133,0
CR-2019-MDR975,0
CR-2019-ETC753,1
TO-2020-AAP438,0
TO-2019-AQD055,0
AB-2019-JM030,0
CU-2020-MBB511,1
TO-2019-CDG306,1
CR-2020-EL758,0
TO-2019-EC403,1
TO-2020-AAI308,0
CU-2019-VSB604,1
AB-2020-LCB526,0
AB-2020-NBM070,1
CR-2019-SPC410,0
TO-2020-RT584,1
AB-2019-ABF443,0
CR-2019-PM793,0
TO-2020-LBP679,0
AB-2019-ICS162,0
CR-2020-HHV734,0
AB-2019-VB816,1
AB-2019-GAS592,0
TO-2019-GGC451,0
TO-2020-PSM101,0
TO-2020-JBD545,0
CR-2020-NAS234,0
AB-2020-JMN613,0
AB-2020-APP672,0
TO-2019-DGB810,0
AB-2019-APM549,0
CR-2020-VBM493,0
TO-2020-BSA022,1
AB-2019-DCC277,0
TO-2020-AGP155,0
CR-2019-LF383,0
AB-2019-RCR833,1
AB-2019-BLB019,0
CU-2020-EEM965,1
CU-2019-FIT382,0
TO-2019-EAV533,0
AB-2019-PCC129,1
TO-2020-PAP162,0
AB-2020-FIB811,0
CR-2019-NAE915,0
AB-2019-EAC861,0
TO-2020-CMV181,0
AB-2020-PRZ931,0
CR-2019-JCG784,0
CR-2019-HGM812,0
TO-2020-LP760,1
TO-2019-GDA002,0
CU-2019-RGA625,0
CR-2019-CP089,1
TO-2019-PDB338,0
TO-2020-PAA108,0
CR-2020-RPL358,0
TO-2020-CZ059,0
CR-2020-ALG514,0
CU-2020-EGG681,0
CU-2020-TSL610,0
TO-2019-MPT344,0
TO-2020-NPS394,0
AB-2020-DIM279,0
AB-2020-BRC005,0
AB-2019-GAC290,0
CR-2019-MPP195,0
TO-2020-ELM812,0
AB-2020-CE613,0
TO-2020-IAC954,1
AB-2020-EMC682,1
CU-2020-JDC449,0
CR-2020-JCG658,0
TO-2020-RA001,0
CU-2020-RVÁ418,0
CR-2019-PSP354,0
TO-2019-AS111,0
TO-2019-MHS529,0
TO-2019-PY958,0
CR-2019-NCC723,1
AB-2020-JE947,0
CU-2019-ÁMH403,0
TO-2019-ODC982,0
TO-2019-MDN449,0
AB-2019-RL832,0
CR-2019-VHP195,0
AB-2019-IEP728,1
TO-2019-MGR022,0
TO-2019-CL527,0
AB-2019-LVV054,0
AB-2020-ABC044,1
CR-2019-LMC396,1
AB-2019-YLE471,0
CU-2019-SCA571,1
CU-2019-DAN240,0
TO-2020-BDF571,0
TO-2020-EPM478,0
AB-2019-GC870,0
AB-2019-CAB909,0
AB-2019-EPH001,0
CU-2019-NIA898,0
AB-2019-LBC394,1
CR-2020-FGG946,0
CU-2020-MBF851,0
CU-2020-LÁC906,1
CR-2020-GAP055,1
CR-2020-CPP726,1
CU-2020-NEM109,0
CR-2019-RJA003,0
CR-2019-ALP341,0
CR-2020-RCC700,1
CR-2020-EEC411,0
CR-2019-RDF728,0
AB-2019-OPG867,0
CU-2020-RSB283,1
CU-2019-TUF559,1
CR-2019-NS686,0
TO-2019-CAD201,0
TO-2020-KTB278,0
TO-2020-RCM104,0
CR-2020-HBF199,0
AB-2020-APA572,0
CU-2019-NUF598,0
AB-2020-BYC705,0
CR-2019-ZAS893,0
AB-2020-ATP996,0
AB-2020-MSV690,1
TO-2020-ÁCI020,0
TO-2019-AOP869,0
CR-2020-ECM801,1
CR-2019-ÁDM840,1
CU-2020-SMF687,1
TO-2020-EOA184,0
TO-2019-JJS549,0
AB-2020-MCB022,0
AB-2019-AFA135,0
CR-2019-DDM883,0
TO-2019-RAJ305,0
CU-2019-LDM883,0
CU-2020-EMA991,0
CU-2019-APA437,0
AB-2020-CPL773,0
TO-2020-TLT815,0
AB-2019-MBC900,0
CR-2019-GMC250,1
TO-2020-RDA439,0
CU-2020-TAS617,0
TO-2020-FDA965,0
CR-2019-RM195,0
CR-2019-LSC052,0
AB-2019-MPR727,1
TO-2019-AF359,0
CR-2020-FCB558,0
AB-2019-TV463,0
TO-2019-ODC084,0
CR-2019-HPA564,0
AB-2019-MR385,1
AB-2019-JRG625,0
AB-2019-EVG015,0
AB-2019-YPB386,0
AB-2019-MCM999,0
TO-2019-JMC820,1
TO-2020-PTM504,0
CU-2019-VTM848,0
AB-2019-CAB096,0
TO-2019-CAP967,0
AB-2020-TCT860,0
CR-2020-QPA006,0
AB-2020-CP731,0
TO-2019-HCC841,0
TO-2020-RGA356,0
TO-2020-MAC674,0
AB-2019-JPH825,0
CR-2020-BB119,0
TO-2020-PDN872,0
CU-2019-DCT646,0
TO-2019-LB101,0
CR-2019-NDP324,0
TO-2019-PA436,0
TO-2020-TG268,0
CR-2020-NMB219,0
CR-2019-QRJ626,0
AB-2020-BBP021,0
AB-2019-LV482,0
AB-2020-GDC475,0
CU-2020-NBA798,1
AB-2019-OPC606,1
AB-2020-DVC041,1
CR-2019-NGM192,0
AB-2020-SPG260,1
TO-2020-JD247,0
AB-2019-ALS865,0
CR-2020-AA689,0
CR-2019-TV917,0
AB-2019-PMB443,1
TO-2020-AML279,0
CU-2019-TL939,0
CU-2019-EJG490,1
TO-2019-DF828,0
AB-2020-FRC013,0
AB-2019-BPL622,1
TO-2019-RGG445,0
CR-2019-GM760,1
AB-2020-RA034,1
TO-2019-XTB652,1
AB-2019-SM344,1
CR-2019-AR946,0
CR-2020-DRO429,0
CR-2019-MCE515,0
CR-2019-TCB191,1
CU-2019-FAM255,1
AB-2019-MAA744,0
CR-2020-MA651,0
CR-2019-SDB142,0
TO-2019-ADL836,1
CR-2019-NML112,1
TO-2020-BSG969,0
AB-2019-ODE846,0
TO-2019-MZ858,0
CU-2019-IJD758,0
AB-2019-OOC022,0
CU-2019-TRN417,0
AB-2020-CDR809,1
TO-2019-CDC496,0
TO-2020-LNV605,1
CU-2020-LSD209,1
CU-2019-SBV354,0
AB-2020-LN119,0
CU-2019-RJB977,0
TO-2019-JRC353,0
TO-2020-CBB222,1
CR-2020-RGR142,1
CR-2019-AM229,0
AB-2020-LPS381,1
TO-2020-RMU317,1
AB-2020-MGM959,0
TO-2020-AR657,0
TO-2019-VZB705,0
AB-2020-GG511,0
AB-2019-OA646,0
AB-2020-SF609,0
AB-2020-FD355,1
CR-2019-JRV687,0
AB-2019-PMC070,1
CU-2019-JMS550,0
TO-2019-MMC430,0
TO-2019-JNP006,0
CR-2020-MF544,0
AB-2020-RBO949,0
CR-2020-PPC655,1
CU-2020-MJQ798,0
AB-2020-NDA471,1
AB-2020-GCP765,1
TO-2019-RDC344,0
CU-2020-AAN340,1
AB-2019-JRP999,0
AB-2020-MCA163,0
AB-2019-GMH037,0
TO-2020-RF834,0
CR-2020-GSM242,0
AB-2019-EDM163,0
CU-2019-LCP865,0
TO-2019-JO135,0
TO-2019-SHR706,0
TO-2019-IPC801,1
TO-2020-MDQ594,0
CR-2020-LV766,1
AB-2019-RC121,0
TO-2020-VFR315,1
CR-2020-CAR448,0
AB-2019-JMH853,0
AB-2020-MM485,0
AB-2019-HE631,0
TO-2020-BDG180,0
TO-2019-VGJ828,0
AB-2020-AB441,0
AB-2019-MMV813,0
CR-2019-MGP802,0
CR-2020-BSD639,0
TO-2020-AFV133,1
CR-2019-NCA617,1
AB-2019-PC892,1
CU-2019-IJB473,0
TO-2019-LCG362,0
TO-2019-JLL110,0
TO-2020-LSN500,0
TO-2020-MIR905,0
CR-2020-AFH465,1
AB-2020-FPP835,0
TO-2020-AR212,1
CR-2019-LSR614,0
TO-2020-CÁL649,0
AB-2019-RCM056,0
AB-2019-LBV137,1
TO-2019-RCP728,1
AB-2020-EG385,0
TO-2019-RDT422,1
CR-2019-GF618,0
CR-2020-GAF944,0
TO-2020-OMC985,1
CR-2019-MBB511,1
AB-2019-MVC344,1
TO-2020-ÁDS835,1
CR-2019-JPH437,0
TO-2019-AP272,1
AB-2019-GFM042,0
CR-2019-MDL158,0
AB-2020-GRN285,0
CR-2020-CCT784,1
AB-2020-NS352,0
TO-2019-TCR328,0
TO-2020-AQR212,1
TO-2019-LA898,0
CR-2020-JCV793,0
CU-2020-LMC594,1
CU-2020-ADJ663,0
CU-2019-MCM505,0
TO-2019-MV731,0
CR-2020-NOJ284,0
TO-2020-ITV967,0
TO-2019-VES887,0
AB-2020-CSG343,0
AB-2019-LDM032,0
AB-2019-LBM931,0
TO-2019-IOA776,0
TO-2020-RCP809,1
TO-2019-DIV671,1
CU-2019-FO588,0
AB-2020-JRT714,1
AB-2020-ODL543,1
TO-2020-JMG523,0
AB-2019-VP136,1
TO-2019-LRN651,0
CU-2019-ABA333,0
AB-2020-NCP273,0
TO-2019-ZBP129,0
CR-2019-SPH429,1
AB-2020-CC030,0
AB-2019-MB620,0
AB-2019-RAT318,1
TO-2019-CB201,0
AB-2019-FMA883,0
CU-2020-AC434,0
AB-2019-RCC230,0
CU-2020-UQA468,0
AB-2020-TDN972,0
CR-2019-BMV026,1
CU-2020-SQG747,0
CR-2019-ASB926,1
CR-2019-MBR579,0
CR-2020-RRD267,0
TO-2020-EDM936,0
TO-2019-CG813,1
CR-2019-JM377,0
TO-2019-AGP615,0
TO-2020-CRM902,0
TO-2020-APJ007,1
CU-2020-RAV945,0
AB-2019-CC717,0
CR-2019-CSA960,0
TO-2020-CRP655,0
TO-2020-SP236,0
CR-2020-GLG367,0
CU-2019-JPP082,1
TO-2020-SC070,0
TO-2019-EAD160,0
CR-2019-PBP744,0
CU-2020-LGP023,0
CR-2020-MMM756,0
AB-2020-GRN478,1
TO-2019-JBA702,1
TO-2020-FDA583,0
CR-2020-BYF138,0
TO-2019-ADT776,0
AB-2019-PGC082,0
AB-2019-MAM841,1
TO-2020-OBR059,1
TO-2020-PG335,0
TO-2020-EBT211,1
AB-2019-BCF169,0
TO-2019-RDV978,0
TO-2020-CRV122,0
AB-2019-EDV497,0
TO-2020-AAM701,1
AB-2020-IGA669,0
TO-2019-PPR220,1
TO-2019-CA297,0
CU-2019-MEG171,0
AB-2019-DVC046,0
TO-2019-DMC935,0
CR-2019-ÁIG809,1
CU-2020-NCM771,0
TO-2020-EQ499,1
CU-2019-LFM560,0
CR-2020-HEC407,0
CU-2020-MCM693,0
TO-2020-RAH259,0
CR-2020-ÁBG155,0
TO-2019-CRG917,0
CR-2019-NPP345,1
CU-2019-MHR598,0
AB-2020-SAC581,0
TO-2020-SAC131,0
AB-2019-MCL536,0
AB-2019-FC677,0
AB-2020-JLB031,0
TO-2019-CEB288,1
TO-2019-LLC909,0
CR-2019-PB807,0
TO-2019-GCF084,0
CR-2019-MJA305,1
CR-2019-LAP194,0
CR-2020-MSM056,0
CU-2020-FPO740,0
TO-2019-LC477,1
CR-2020-GNN772,0
AB-2019-MRP947,0
AB-2019-RPG221,0
TO-2019-AFC058,0
TO-2020-CP900,1
TO-2019-GBB668,0
AB-2020-CAA498,0
CU-2020-JAA849,0
TO-2019-ZDM027,1
AB-2019-SMM893,1
TO-2019-SRL150,0
TO-2019-ASA040,0
AB-2019-DBM446,0
AB-2020-DA239,0
TO-2019-LVÁ270,1
AB-2019-AG687,1
CR-2020-BFI910,1
AB-2020-EHP092,0
CU-2019-JMS162,0
AB-2019-DS465,0
AB-2020-YAP971,0
AB-2020-GS332,0
CR-2019-CDE358,0
TO-2020-AZM035,1
CU-2019-DAA442,1
TO-2019-MFC096,0
TO-2019-MDS238,0
TO-2020-LMM650,0
AB-2020-MDP656,1
AB-2019-MS983,0
AB-2020-CM420,0
AB-2019-JMB507,0
CR-2020-ARA164,1
CR-2019-CMV615,0
CU-2020-ALA097,0
CR-2020-JMR625,1
TO-2020-VHN285,1
TO-2019-PEG396,1
CR-2020-SG227,0
CU-2019-FRB743,0
TO-2019-SDI147,1
CR-2019-FCP746,1
CU-2020-RRV214,1
TO-2020-MDA668,0
TO-2019-ODS320,1
CR-2020-BDG085,0
CU-2020-SMT088,0
TO-2020-ATP521,0
AB-2020-CA921,0
AB-2019-VSC196,0
CU-2020-RGU643,0
AB-2020-CCP173,1
TO-2020-EÍC164,0
CU-2020-MSP478,1
AB-2019-SMH260,0
AB-2019-VCC138,1
CU-2020-ECM366,0
TO-2019-CL340,1
AB-2020-CQC009,0
TO-2019-CNS669,1
AB-2020-RGC038,0
TO-2020-COE238,0
AB-2019-BDG135,0
CR-2020-EAF403,0
AB-2019-RGG813,0
TO-2019-ARG497,1
CR-2020-MBI928,0
TO-2019-APB000,0
AB-2019-SDQ669,1
CR-2019-ECC370,0
CR-2019-JVS895,0
CR-2019-LN839,0
TO-2019-SLS525,0
CU-2020-ÚFP608,0
TO-2019-GJ525,1
TO-2019-LAN232,0
CR-2019-HRB643,0
AB-2020-CAS086,0
CU-2020-RDA544,0
CR-2020-GVM700,0
TO-2019-CFL539,0
AB-2020-CPM909,1
TO-2019-SBC675,0
CR-2020-ÓVT887,1
AB-2019-RCB504,0
CU-2020-RAP438,0
TO-2019-AMG923,1
TO-2020-PDA750,1
TO-2019-CAA524,1
TO-2019-CCV299,0
CU-2020-EAI357,0
CR-2019-RMC205,1
CU-2020-GGY171,0
TO-2019-IDV115,0
TO-2020-SRP709,0
TO-2020-DMP367,1
AB-2020-HIT690,1
CR-2019-MPN440,0
TO-2020-AMB927,0
TO-2020-ARP024,1
CR-2020-TM702,1
CR-2019-CDG961,0
AB-2019-GDC000,0
TO-2019-IDG473,0
CU-2020-RPJ672,0
AB-2019-IFT959,0
TO-2019-ERA507,0
TO-2019-LDM733,1
CU-2020-VFV848,0
TO-2020-JDM580,0
AB-2019-ACA057,0
AB-2020-AM859,0
AB-2019-AB739,0
TO-2020-ÁL498,1
TO-2020-BJG557,0
TO-2019-AC425,0
CR-2020-GSP505,0
TO-2020-TDD561,0
CU-2020-GAO071,1
CR-2019-LMB323,0
CR-2020-MCJ616,0
CR-2020-LEH026,1
CU-2020-EMP997,1
AB-2020-ÓVR622,1
CR-2020-VDP815,0
TO-2019-TV834,0
TO-2019-AT513,1
CR-2020-LC372,0
CU-2019-ALP966,0
TO-2019-UMC059,1
AB-2019-EB181,0
AB-2019-MBV490,1
AB-2020-ÁIA125,0
TO-2019-CA162,0
CR-2019-IVD563,1
CR-2020-YDC221,0
AB-2019-MM658,1
AB-2020-BVM334,0
CU-2019-MRV358,0
TO-2020-LTS002,1
TO-2020-CYA396,0
TO-2019-BAC611,0
CU-2019-FMB953,0
AB-2020-JCS089,0
TO-2019-LAC084,0
CU-2020-IAP612,0
AB-2019-ESA660,0
CR-2019-SVM125,0
TO-2020-DHB772,1
TO-2019-CBC402,0
CR-2019-SCA907,0
TO-2020-CCC199,0
CU-2020-MCF049,0
CU-2019-AFC698,0
CU-2019-MFC313,1
AB-2019-ST655,0
CU-2020-RGF367,0
TO-2019-AAG603,1
CR-2020-MP007,0
TO-2020-AMB049,0
CR-2020-PEP000,1
AB-2019-JMR671,0
TO-2019-MSM068,0
CU-2019-EMA271,1
CR-2020-OGD179,1
TO-2019-JMM430,0
CU-2019-GFT527,0
TO-2019-BF424,0
CR-2020-LM163,1
TO-2020-KSS913,0
TO-2020-RAR985,1
TO-2019-FTM510,1
CU-2020-AGS186,0
CU-2020-BB434,1
CU-2019-LMG225,0
CR-2019-STI383,1
CR-2019-DC545,0
AB-2020-MEB484,0
TO-2020-MAI698,1
TO-2020-EAG816,0
TO-2019-IYF660,0
TO-2019-RPM514,1
AB-2019-RAU927,0
AB-2020-GR515,1
AB-2019-CCV385,1
CU-2019-GD383,1
CU-2019-NAC591,1
TO-2019-BP073,0
CR-2020-JRR397,0
CR-2020-ESS305,0
CR-2020-PMS710,0
CR-2019-CRL553,1
AB-2019-AE370,0
CU-2019-VSÁ935,0
AB-2019-JMB889,0
AB-2020-NA508,0
TO-2019-MAC371,0
AB-2019-BHA828,1
AB-2020-JS687,1
TO-2020-ÉR580,0
CR-2019-PCS275,1
TO-2020-CCR827,0
CR-2020-ÚL254,0
AB-2019-BGC205,0
AB-2019-NSF886,1
CR-2020-MVM524,0
CR-2019-MFY394,1
CU-2020-GP623,0
AB-2020-CRT056,0
TO-2020-MPO262,1
AB-2020-ML643,0
CU-2019-BAP915,1
CU-2020-NMA948,0
TO-2019-HYO785,1
TO-2020-RLE690,0
CR-2019-NPP120,1
CR-2019-ACP676,0
CU-2020-HP914,1
CU-2020-DG620,1
TO-2020-ECY993,0
CU-2019-AEG018,0
TO-2019-PMR221,0
CR-2019-JA450,1
TO-2020-HDV243,1
TO-2019-JSR612,0
TO-2020-MMT351,0
AB-2020-FB201,0
AB-2019-GDZ211,0
TO-2020-BBA851,0
CR-2019-SM578,0
TO-2019-EA634,0
CR-2019-ABM106,0
TO-2019-DDF719,1
AB-2020-ECP742,0
TO-2020-ADC947,0
TO-2020-MPA299,0
CU-2020-IB533,0
TO-2020-RDS006,0
AB-2020-APV517,1
AB-2019-OLR132,1
CU-2019-CDS335,0
AB-2019-VRA930,0
TO-2019-RMG899,0
CU-2020-AGV603,0
TO-2019-ALG284,0
TO-2019-AQA085,1
AB-2020-AV309,0
CU-2019-RDA328,1
CR-2020-CRN593,0
CR-2020-TL901,1
TO-2019-JBP676,0
CR-2019-JAA586,0
AB-2020-HDA718,1
TO-2020-BG118,0
TO-2020-RGB152,0
TO-2019-MSY194,0
CR-2019-LGT418,0
AB-2019-LFL952,0
TO-2020-BFC238,0
CU-2020-MPE944,0
CR-2020-PNV672,0
TO-2020-EMF925,1
TO-2020-ERV088,0
AB-2020-BDA297,0
CU-2019-CPG246,1
TO-2020-IPF642,0
AB-2020-JCS217,1
TO-2020-ALC962,0
AB-2019-DFJ659,0
AB-2020-CAC071,0
TO-2019-ATA258,0
CR-2019-AGO335,1
TO-2019-PJM023,0
CU-2019-VHM772,0
AB-2020-MN813,0
TO-2020-SNA229,1
AB-2019-JCQ545,0
TO-2020-JSS533,0
AB-2020-FTP487,1
TO-2019-SRA700,0
AB-2020-FDL375,0
CU-2019-PAB992,0
CU-2019-HBO642,0
TO-2019-FDA687,0
TO-2020-TMI409,1
CU-2020-RRB379,1
TO-2020-SFC005,1
CU-2020-IBQ104,0
TO-2019-DVC423,0
CR-2020-MDC670,0
CR-2020-NPT005,0
CU-2019-BCP830,0
TO-2019-EGM509,0
CU-2019-ADC451,0
CR-2019-ADP648,0
TO-2019-LBR722,0
CR-2019-CSA271,0
TO-2019-IGI432,1
AB-2020-JB008,0
TO-2019-CVA679,1
AB-2019-JVV933,1
TO-2020-DS783,0
AB-2019-APA808,1
AB-2020-CRE064,1
CU-2019-NDT603,1
CU-2020-EMM214,1
TO-2019-MJS872,1
CR-2019-LA120,1
TO-2019-SFP293,0
AB-2020-PSV475,0
TO-2020-MÁA517,1
TO-2020-CNV392,1
CR-2019-NLG423,1
CR-2019-AJF450,0
TO-2019-AMV431,1
CU-2020-RBS350,1
AB-2020-AL909,1
CR-2019-EHC459,1
AB-2020-HDG485,0
CU-2019-EAB671,0
CR-2019-MMD057,0
CR-2019-LA386,0
TO-2019-JDR589,0
AB-2019-SG461,0
CR-2020-CPB360,0
AB-2020-FG374,0
AB-2020-YJB413,0
AB-2019-JCC566,0
CR-2019-CAP327,0
TO-2019-EMC407,0
CR-2019-MHC588,0
CR-2020-EPO553,1
CR-2020-JCM458,0
CR-2020-AMV447,0
CR-2019-ORP871,0
TO-2019-PGA997,0
AB-2020-AOM098,0
TO-2019-BP763,0
CR-2020-GB120,0
CR-2020-RÁS540,1
TO-2020-MCG956,0
TO-2019-RRC500,0
CR-2020-MT436,0
TO-2019-OCM068,0
TO-2020-CVV588,1
CU-2020-SMS567,0
TO-2020-REP984,0
CR-2020-FPA218,0
TO-2020-TCS390,1
AB-2020-NAA565,1
CR-2020-ELA890,0
CU-2019-AB053,0
CU-2019-FVC917,1
CR-2019-CDB661,0
AB-2019-MCG729,0
TO-2020-PA060,1
AB-2019-AM793,0
CR-2020-VJJ495,0
AB-2019-MBC653,1
CR-2020-HT180,0
CR-2019-HDH928,0
TO-2019-VQP863,0
TO-2019-ABA958,1
AB-2020-RBF575,1
AB-2019-SME670,0
TO-2019-AAU435,0
CU-2020-EDM194,0
TO-2020-CC853,0
TO-2019-NVP939,0
TO-2019-RUZ679,0
TO-2019-DC474,0
CR-2020-AP050,0
CU-2019-EDM520,0
TO-2020-FUL097,0
CU-2020-AMB893,1
CR-2020-RMM961,0
TO-2019-CVJ315,0
CR-2020-GBN762,0
CR-2019-MRB936,0
TO-2019-ECF396,1
CR-2020-JDB302,0
CR-2020-ÁRR446,0
TO-2020-JA828,1
CU-2019-FER100,0
TO-2019-ADM605,0
CR-2019-RSA585,0
CU-2020-MHE822,0
CU-2020-JQR965,0
TO-2019-AHR780,0
CR-2020-CRV439,0
AB-2020-PDB236,1
AB-2019-ADF654,0
AB-2020-NCV511,1
CR-2019-AIG439,1
AB-2019-MPM321,0
AB-2020-JA528,1
TO-2020-MHB939,0
AB-2020-RMR329,0
AB-2019-LNQ571,1
TO-2020-AJI421,0
CU-2020-CPV939,1
TO-2020-PDB861,1
CR-2020-LFI352,0
TO-2020-ACR950,0
AB-2020-LÁR877,0
TO-2019-IFB865,1
CR-2019-PIB494,0
CR-2020-GB666,1
AB-2019-ETT007,0
AB-2019-JMH499,0
AB-2020-LVS419,1
CR-2020-CL381,1
TO-2019-RLG707,1
TO-2020-JBA681,0
CU-2020-JCA461,0
CR-2020-ETA060,0
CR-2019-HPO888,1
TO-2020-LCO710,0
CR-2019-VPL851,0
TO-2020-PV259,0
CU-2020-BJA154,0
TO-2019-LS438,0
AB-2020-SMD793,0
TO-2020-FCB166,0
AB-2020-JM609,0
AB-2020-CA897,0
CR-2019-JHC664,0
CU-2020-ELA598,0
TO-2020-ALP064,0
TO-2020-NL475,0
AB-2020-CMM119,1
CR-2020-AVA104,0
CR-2019-GBS206,1
CR-2020-BH920,1
TO-2019-PSL965,0
TO-2020-MHP606,0
TO-2020-SMB487,0
TO-2019-CDJ546,0
CU-2020-MPA585,0
AB-2019-JCA479,1
TO-2019-JEG861,1
TO-2019-DM388,0
CR-2019-ABR394,0
TO-2019-RMB049,0
CU-2020-HQ971,0
CR-2020-SJN390,0
CU-2019-DA375,0
TO-2020-ACB098,0
AB-2019-MAA195,1
CR-2020-RSJ458,1
CR-2020-FBR324,0
AB-2019-RCE061,1
TO-2019-CGC580,0
TO-2020-PB934,0
AB-2019-SNA526,0
TO-2019-NDV484,1
TO-2020-DA048,0
CU-2019-FP592,0
AB-2019-EB772,1
AB-2019-ABC270,0
AB-2019-VCD631,1
CR-2020-YMC825,0
TO-2019-RRV049,1
TO-2020-HC487,0
AB-2020-EM858,0
TO-2019-OCR151,0
AB-2019-DCJ657,1
CR-2019-JTF161,0
AB-2020-CDB066,0
AB-2020-BFB862,1
AB-2020-FPD234,0
CR-2020-LVG690,0
AB-2020-HBD516,1
CR-2019-SVR598,0
CU-2020-NQC985,1
AB-2020-GGM864,0
TO-2020-DPH701,0
CR-2019-ADT866,0
AB-2020-MTP329,1
CR-2019-GM736,0
AB-2019-ALT792,0
TO-2019-RDI375,1
TO-2019-CMP325,0
CR-2020-LS515,1
TO-2020-JCM101,0
CR-2020-EGF754,0
AB-2019-MBC230,1
AB-2020-AAJ468,0
CR-2020-VCO491,0
AB-2019-JA015,0
AB-2019-JAA758,0
AB-2019-AVE346,0
CU-2020-EPA219,1
CU-2019-APP610,0
CR-2020-IVA966,0
AB-2019-AVC170,0
CU-2019-IVA961,0
CR-2020-EBC438,1
TO-2020-ÁP724,0
CR-2019-CE025,0
CU-2019-HAY637,0
TO-2019-JA022,0
AB-2019-GPS579,0
CR-2019-RRC212,0
TO-2020-ACP107,1
TO-2019-GB516,0
CR-2020-PAZ323,1
CR-2019-MTV129,1
CU-2019-RSA960,0
CU-2019-BDS103,0
TO-2019-ÁCS494,1
CR-2020-ORA889,1
CR-2019-BMJ562,0
TO-2019-TDE902,1
CR-2020-RSP655,0
AB-2019-ASM863,1
TO-2019-RSL901,1
TO-2019-RQM667,0
TO-2020-GCV594,0
TO-2019-AA516,0
AB-2019-HÁM345,0
CU-2019-LM895,0
TO-2019-HNB433,1
TO-2020-JLA630,1
CR-2020-RRS425,0
AB-2020-ÁLM036,0
TO-2019-JHE744,0
CU-2019-MDC447,1
CR-2019-ACB985,1
CR-2020-BDO181,1
TO-2020-GA405,0
TO-2020-NHQ212,0
CU-2020-VCM000,0
CR-2019-HMT627,1
CR-2020-OCC705,1
TO-2020-CBJ108,0
TO-2020-LR392,1
CU-2020-CM958,0
CR-2019-RT498,0
AB-2020-MPC305,0
AB-2020-GCR537,0
CR-2020-GL857,0
TO-2020-MC447,1
AB-2020-BMB795,0
TO-2019-RCL885,0
TO-2020-LBS380,1
CR-2020-DTT608,0
TO-2020-LGA606,0
AB-2020-EST746,1
TO-2019-CSR434,0
TO-2020-CS924,1
TO-2020-GDC644,1
CU-2020-CCR410,0
CR-2020-JDV452,1
CR-2020-KP188,0
TO-2019-AC054,0
CR-2020-LS960,1
CR-2020-EÁR328,1
TO-2019-CD085,1
AB-2020-GDB175,0
CU-2020-FSM328,0
TO-2019-OLP258,0
TO-2019-AMB951,0
AB-2020-MMS208,1
TO-2019-MR331,0
AB-2019-NGS410,0
AB-2020-FV879,0
CR-2020-BBA683,0
CR-2019-GBG288,0
CU-2019-PB079,0
AB-2019-TFG965,1
TO-2019-GGC503,0
CR-2020-RBO152,1
AB-2019-PTD852,0
CU-2020-EEP558,0
CR-2020-RDP904,0
AB-2019-ÁCN509,0
CR-2019-CDM837,0
CU-2020-PCP093,0
CU-2020-IGB088,0
AB-2020-APC132,0
AB-2019-ASD673,1
AB-2019-SVG393,0
AB-2020-MÁR630,1
CR-2020-MDJ751,0
CR-2019-VRA643,0
TO-2019-PMB119,1
TO-2019-VRG070,1
CR-2019-JBG060,0
AB-2020-ADB806,0
CU-2020-MÁG327,0
CR-2019-YV329,0
AB-2019-DMÁ323,0
TO-2019-JB806,0
AB-2019-SCJ800,0
TO-2020-AAR822,1
AB-2019-NPG253,0
CR-2019-CDB596,0
CR-2020-QGS539,0
TO-2020-PHA130,1
CR-2019-WHC313,0
CU-2020-RSR128,0
CR-2020-MA883,0
CR-2019-VAS865,0
AB-2019-AP488,0
CR-2020-CDC763,1
TO-2019-BGT659,0
AB-2019-LVS773,1
CU-2020-LLG874,1
AB-2019-MCL740,1
TO-2019-REN479,0
CR-2019-FAB285,0
TO-2019-CTB832,0
TO-2020-CRB397,0
TO-2019-MDB943,0
CR-2019-EAA986,1
TO-2019-ABS726,0
TO-2019-ADT409,0
AB-2019-BOR088,0
AB-2019-AS175,1
AB-2019-PR101,1
CU-2020-RV159,1
CR-2020-DDO739,1
CR-2020-JC086,0
AB-2019-MC270,0
AB-2020-NS347,0
CU-2020-TDP354,0
AB-2020-MVC845,1
TO-2020-SDC221,0
AB-2020-TDC046,0
CR-2019-NG043,1
CU-2019-CAA547,0
TO-2020-EB700,1
CR-2019-JPA185,0
TO-2020-RPC981,1
AB-2019-ERM439,0
TO-2020-EMS791,0
TO-2020-RPC196,0
AB-2020-XDB203,0
AB-2019-JVP527,0
AB-2019-MV657,1
TO-2019-MSM004,0
TO-2020-BMG636,0
TO-2019-NRV567,0
TO-2019-YNR935,0
TO-2019-JMD304,1
CR-2019-CRM327,0
CR-2020-PVP880,0
AB-2019-PAM763,1
AB-2019-JAD043,1
TO-2020-AVM137,0
TO-2019-AM526,0
CR-2020-VAR617,0
TO-2019-SLM127,0
TO-2019-GPL593,1
TO-2019-MPB535,0
CU-2020-CTM849,1
CR-2019-MDB173,0
CR-2020-CVB449,1
CR-2019-CBV194,1
CU-2020-MRF351,0
TO-2019-CBM432,1
TO-2020-ML796,0
TO-2019-DME048,0
AB-2020-ET291,0
CR-2020-JLR235,0
AB-2019-JCL722,1
TO-2020-TSF588,1
CR-2019-MDB159,0
AB-2020-NPD085,1
AB-2020-DBC389,1
CR-2020-TV680,1
CR-2019-ZAS451,0
AB-2019-SSG973,1
TO-2020-PFA081,0
CU-2019-ES981,1
AB-2020-HPC789,0
AB-2020-TE173,0
AB-2020-ABG760,0
CR-2019-MCA201,0
AB-2020-YSM094,1
CR-2019-EDA599,0
TO-2020-SVI661,0
CU-2019-CM266,0
CR-2020-MEM589,1
CR-2019-ÁDA468,0
AB-2020-TAT323,0
CU-2019-OPB129,0
TO-2020-JMV612,1
CR-2019-RAN706,0
AB-2020-MCT645,1
AB-2019-TVM103,0
CR-2019-EB111,0
CR-2019-VGV165,0
AB-2020-SMR126,0
TO-2019-NJC836,0
TO-2020-DJC007,0
CR-2020-HMS965,0
TO-2019-FMT758,0
TO-2019-AJH422,0
TO-2020-DMN519,0
AB-2020-MT527,0
TO-2019-ARO340,0
CU-2019-LCC955,0
CR-2020-TR851,0
CR-2019-ST115,0
TO-2020-SDP206,0
CU-2020-JDF984,0
CR-2019-JBL580,1
TO-2019-MOR763,0
TO-2019-MDB594,0
AB-2019-ECF560,1
TO-2020-CMM316,0
CR-2019-VB569,0
TO-2019-ADD337,0
CR-2019-ELF049,1
AB-2020-NDS028,1
TO-2020-RS119,1
CR-2020-TPT743,0
TO-2019-FVE319,0
TO-2019-SRT526,0
AB-2020-LC073,1
TO-2019-AAT746,0
CR-2020-AL410,1
TO-2019-NDC957,0
AB-2020-PC641,0
CR-2019-LNB968,0
AB-2019-VAC324,0
AB-2020-LDR441,1
CU-2019-MDC641,0
CR-2020-IC780,0
CR-2019-MMS004,1
CR-2019-JCC217,1
CR-2020-EVR681,0
AB-2020-RD042,0
AB-2019-JA458,0
CU-2019-LM572,0
CR-2019-RG730,1
CR-2019-IRR586,0
CU-2019-JCR246,0
TO-2020-ÁVA978,0
AB-2019-GC197,0
CR-2019-CV027,1
TO-2019-ABB717,0
CR-2020-IVB941,0
AB-2020-JBL422,0
AB-2019-RDP142,1
TO-2019-SRG895,1
TO-2019-MEP859,0
CU-2020-MEM668,1
AB-2019-AHP291,0
CR-2019-DCA746,0
CU-2019-DCA121,1
TO-2020-BTR898,0
AB-2020-TBH581,0
TO-2019-FDB985,0
TO-2019-MEB352,0
AB-2020-LDG178,0
TO-2019-MCT894,1
CU-2019-MLG836,1
TO-2019-PIV743,0
TO-2020-LBA853,1
CU-2020-SPC742,0
CR-2019-MM983,0
CR-2019-JAR063,0
CU-2019-ATC834,0
CU-2020-ALT455,1
CU-2020-OEV003,1
CU-2020-MMN357,1
CR-2019-OLR539,1
AB-2019-SCA522,0
TO-2020-SGM552,1
CR-2020-SHF381,0
TO-2020-LEC664,1
TO-2019-LBC830,1
TO-2020-OBS157,0
TO-2019-IRG510,0
TO-2020-RIE664,0
CU-2019-CLG804,1
TO-2019-MÁS437,0
CR-2020-CSS598,1
TO-2020-RC549,0
AB-2020-GRÁ458,0
TO-2020-AP046,1
CR-2019-WMA320,0
CR-2020-MÁB338,0
CR-2020-HR082,0
CR-2019-NMB515,1
TO-2020-CVF628,0
TO-2019-MVD324,0
TO-2019-LC494,0
AB-2019-ELM781,1
TO-2019-GDM255,1
CR-2019-AS172,0
AB-2019-FSG906,0
TO-2019-BF102,0
CU-2019-MDP876,1
AB-2019-ARP865,0
CU-2020-MC678,1
CR-2019-JNA174,0
CR-2019-CGL517,0
CR-2020-ADB144,0
TO-2020-BAB779,0
CU-2020-AC301,0
CR-2019-YOR171,0
CU-2019-MDC684,1
CR-2019-JJC240,1
CR-2020-LCC567,1
TO-2019-MAL371,1
CU-2019-LH604,0
TO-2020-APV456,0
TO-2019-ÍE152,0
CR-2020-OUH312,0
CU-2020-TL730,1
AB-2019-JFE080,1
TO-2020-BCA061,0
AB-2019-RJM482,1
CR-2019-BLB157,0
AB-2019-EDA118,1
CU-2020-IRM142,0
CR-2020-FG941,0
TO-2019-IBV588,1
CR-2020-LMR580,1
TO-2020-RSF032,0
AB-2020-JSS347,0
AB-2020-PR292,0
TO-2020-LVL761,0
CU-2020-FAG942,0
TO-2019-LÁV013,0
TO-2019-SSM301,0
AB-2019-RFA002,0
AB-2019-IVV201,0
TO-2019-MNP394,1
TO-2020-PC394,0
AB-2019-MMP156,0
AB-2020-TCT312,0
AB-2019-MDA617,0
TO-2019-LMN508,1
TO-2020-EL141,1
CU-2020-LPD724,0
CU-2019-NMG499,1
TO-2020-IAM010,0
TO-2020-JUE069,0
CU-2020-TCF793,0
AB-2020-JPG993,0
TO-2020-MAM285,1
TO-2019-CAQ861,0
CU-2019-HBS966,0
AB-2019-OCA039,0
CR-2020-EMC006,0
AB-2020-PCC772,0
CU-2019-OP270,0
CU-2019-AMB179,0
CR-2020-CLU986,0
CU-2019-BEP344,1
CU-2020-SHP689,1
TO-2019-AML805,0
TO-2019-TPC560,0
AB-2019-FJL861,0
AB-2019-LND517,1
AB-2020-APC446,0
AB-2020-LSP464,0
CU-2019-ICB611,1
CR-2020-MSF708,0
TO-2019-PMG226,1
CU-2019-DND731,0
TO-2020-GFG765,0
CU-2019-APB544,0
CR-2019-MDB963,0
CR-2019-AM529,1
CR-2020-ADT143,0
TO-2019-DMA341,0
TO-2020-FFS168,1
TO-2019-ASR236,1
AB-2020-AZC795,0
AB-2020-EV132,1
TO-2019-AFP308,1
AB-2019-ACG660,0
CU-2019-CBB276,0
AB-2019-IVB218,0
CR-2020-MPH879,0
TO-2019-CAS640,0
TO-2020-DDB394,0
CR-2019-ADB735,0
CR-2020-LDC989,1
AB-2020-MMC648,0
CR-2019-ACA321,1
CU-2019-MRD171,0
AB-2020-AGF098,0
AB-2020-XCV820,1
CU-2020-EPM547,0
AB-2020-RMA260,0
AB-2019-BC968,1
CR-2019-ABB794,0
CR-2019-CL528,0
CU-2020-ETS623,0
AB-2019-DRO439,0
CR-2020-ACD808,1
CU-2020-LGV569,1
CR-2019-DV461,1
TO-2020-EGR637,1
TO-2020-AR776,1
CR-2020-NS704,0
AB-2019-SRM478,1
CR-2019-TS628,1
CU-2020-NDB113,0
TO-2019-LAL746,0
CR-2020-PAM165,0
TO-2020-DLA331,0
CU-2020-FA069,0
TO-2020-JM487,0
AB-2019-TRR249,1
TO-2019-DMB943,0
CR-2019-LAC619,1
CR-2020-AUM138,1
CR-2020-FMG025,1
TO-2019-EC146,0
TO-2020-JLA482,1
TO-2020-ACV185,0
AB-2020-JDA849,0
AB-2020-ADS903,1
TO-2019-EDV968,0
TO-2019-DM923,1
AB-2019-JC314,0
AB-2019-MRB309,0
AB-2020-MDR888,0
CR-2020-TSS841,0
CU-2019-SCP017,0
TO-2020-CSC181,0
CU-2020-NFC706,0
CR-2020-JAS512,0
CU-2020-AB669,0
AB-2020-SUS605,0
TO-2020-ELA217,0
CR-2020-MRC915,0
TO-2019-HQT465,0
TO-2019-PBF804,0
TO-2020-CCM515,1
AB-2019-JF304,0
CU-2019-PBE868,0
CR-2019-RPG862,0
AB-2019-DS011,0
CR-2019-DTD263,0
TO-2020-AIB036,0
TO-2020-ADQ990,1
CR-2019-GEP265,1
CU-2020-MLS195,0
TO-2020-MO777,1
TO-2020-JC724,0
TO-2019-CL496,0
AB-2020-DDA781,0
AB-2020-CSM477,0
AB-2020-MPC413,0
CR-2020-MC199,0
TO-2020-NA490,1
TO-2020-DCA872,0
AB-2019-AFD363,1
TO-2019-ASG090,1
CU-2019-EMH380,0
TO-2019-HDV786,0
CR-2019-JGB182,0
AB-2019-GGB435,1
TO-2019-JS145,0
TO-2020-RDA364,0
CU-2020-SDC525,0
AB-2020-GGG497,0
TO-2020-EPB703,0
CU-2019-AVM851,0
CR-2019-PV336,0
AB-2019-JMM702,1
AB-2020-CDM390,0
TO-2020-GCM073,0
AB-2019-MÁC862,0
CU-2019-RMN707,0
AB-2019-HCS090,1
TO-2019-CDC481,0
CR-2020-MS640,0
CU-2020-FPS889,1
CR-2020-CPM741,0
AB-2019-EPT286,0
CU-2020-VMC293,0
TO-2020-CSC523,0
CR-2020-SAP894,0
CR-2019-EFA739,1
TO-2020-LNP707,0
CU-2020-IPT606,0
CR-2019-OBV777,0
CR-2020-JBI563,0
CR-2019-BA452,0
CR-2019-NLT584,0
TO-2019-NC535,1
CR-2019-PTC504,0
TO-2019-NMF694,1
TO-2020-AFA291,0
AB-2020-ME292,0
AB-2020-MTD107,0
TO-2019-GP265,0
AB-2020-PDD794,0
AB-2020-CT591,0
CR-2020-OV521,1
TO-2020-ADM387,0
CU-2019-SCC662,0
CR-2020-DAC883,0
CR-2020-DCR140,0
CU-2020-FRR592,0
TO-2019-IA967,0
CR-2019-JMT231,1
CR-2020-CBJ824,1
TO-2019-ZMB889,0
CU-2020-BGB691,1
TO-2019-ECM148,1
AB-2019-MTT056,1
AB-2020-SRS490,0
TO-2019-FDP379,1
TO-2020-ZCA333,0
TO-2019-CAP119,0
TO-2020-CPR808,0
TO-2020-OPC151,1
CR-2020-PRU637,1
TO-2020-JDS452,1
CR-2020-GRF948,1
TO-2019-CJB258,1
CU-2019-FHC225,1
CU-2019-JLN384,0
CU-2020-IBU506,1
CR-2019-GÚC305,0
CU-2020-AJA417,0
TO-2019-ACR784,1
TO-2020-OEC392,0
CR-2019-EMC162,0
TO-2020-IFN542,0
CR-2020-MCB287,0
TO-2020-PAP618,0
TO-2019-FA634,1
CR-2019-POA102,1
TO-2019-PRP674,0
AB-2020-MBS184,0
TO-2019-FRU654,0
CU-2019-JDL801,0
CR-2019-RNM327,0
CR-2020-PSC868,0
TO-2020-YSR023,1
CR-2019-SCP337,0
TO-2020-LTR736,0
AB-2020-VHA866,1
TO-2020-BFV804,1
TO-2019-AGL405,0
CU-2019-JIR999,1
TO-2020-RPL779,0
CR-2020-JLR853,0
CU-2020-GDP287,0
TO-2019-CM922,1
AB-2020-ADC070,0
AB-2020-MFC646,0
CR-2019-ZP446,0
TO-2020-JAR196,0
TO-2020-DDT204,1
TO-2020-NCB311,1
TO-2019-PAA037,0
AB-2019-CDP576,0
AB-2020-OCM066,0
TO-2019-LRC608,0
CR-2019-JDL519,0
TO-2019-CDA865,0
CR-2020-NCN109,0
CR-2019-DDV927,1
CR-2019-CMP398,0
CR-2019-MCC588,1
AB-2019-SSR394,1
AB-2019-LEC071,1
TO-2019-MND618,1
TO-2019-GCP020,0
CU-2020-AH756,0
AB-2020-AFC389,1
TO-2019-MJC255,1
CU-2020-BLR486,0
TO-2020-MDA342,0
AB-2020-SV653,0
TO-2019-VSB070,0
AB-2019-MT552,0
AB-2019-ÁDR221,0
CR-2020-JLM491,0
TO-2019-ZJ588,1
CR-2020-GPZ555,0
CU-2020-OV582,0
AB-2019-ABV750,1
AB-2020-GAC766,0
TO-2019-HVC121,0
AB-2020-YC240,0
TO-2019-AVC485,1
AB-2019-CGV448,0
TO-2020-TBA037,0
CU-2019-RDR922,0
TO-2020-APG436,1
AB-2020-BBG833,0
CR-2020-MIC621,0
AB-2019-ACL174,1
CR-2020-MDE316,0
CU-2019-NBS575,1
AB-2020-MSC659,0
TO-2020-ALG084,1
TO-2019-CI731,1
CU-2020-BBM089,0
CR-2020-JAR963,0
TO-2020-SJS834,0
CR-2019-JMG211,0
TO-2019-DDB219,0
CR-2019-IV271,1
CR-2020-WBG796,0
AB-2020-AA398,1
TO-2019-JÁR373,1
CR-2020-MRP017,0
CR-2020-FO073,0
CR-2019-AJG768,0
AB-2020-NDB912,0
CR-2020-GAB257,0
AB-2020-CC429,0
AB-2019-BBV037,0
AB-2020-LAG358,1
CU-2019-EPD955,0
CR-2019-HRS792,0
TO-2020-LD794,0
CR-2019-CDM019,1
TO-2020-MDT548,0
TO-2019-NT950,1
CR-2019-YPV490,1
CU-2019-INS447,0
TO-2020-NA290,0
CR-2020-RAN582,0
AB-2020-VC335,0
TO-2019-ADC359,0
TO-2020-DSB301,1
CU-2020-JDV932,0
AB-2019-GLB790,0
CR-2020-FVG141,0
CU-2020-HMM790,0
CU-2019-MDS332,0
CR-2020-JFF804,0
CR-2019-MMR681,0
TO-2020-AGP491,1
CR-2019-LVS079,0
AB-2019-DSG473,1
AB-2020-CMA635,1
TO-2019-MDR356,1
TO-2019-SRA817,0
AB-2020-ODA269,0
TO-2019-AMM761,0
AB-2020-HJ683,0
TO-2019-MEG490,0
CR-2020-SPS918,0
TO-2019-JI632,0
TO-2019-LCA050,0
CU-2020-MGP989,1
CR-2020-ECA181,0
AB-2020-HPA513,0
AB-2019-GMR536,0
CR-2019-RDH385,0
CR-2020-BDN702,0
AB-2019-HCM752,1
TO-2020-MDL918,0
AB-2019-LVS748,1
CU-2020-AGB572,1
CR-2019-SDN332,1
CU-2019-EC601,0
AB-2019-ECC690,0
CR-2020-CRP394,0
AB-2019-TAB937,0
CR-2020-SSA382,0
TO-2019-FDC651,0
TO-2019-IFM119,1
CR-2019-AEV406,0
CR-2019-SDC168,0
AB-2019-BGG452,0
CR-2019-RC750,0
CR-2019-JPN610,0
CR-2019-ECM101,0
TO-2020-TBC299,0
AB-2020-PLS385,1
CR-2020-DPS733,1
AB-2019-CGA559,0
AB-2019-FA182,0
CR-2019-BT622,0
CU-2019-DRA313,1
TO-2020-FBI806,0
CU-2019-SGP828,0
CR-2020-HAR078,0
AB-2019-GRV688,0
CR-2020-MFS853,0
CR-2019-AFL909,0
TO-2020-LCC911,0
TO-2020-MC420,1
TO-2020-JFD959,0
CU-2020-MCV605,0
CR-2020-DB445,0
TO-2020-MBH068,0
CR-2019-ADM319,1
TO-2019-CEM268,1
TO-2019-NVP754,1
AB-2019-AAC284,1
AB-2019-LME030,1
AB-2019-MM606,0
CR-2019-HVS144,1
TO-2020-QTA150,0
TO-2020-MCÁ349,1
CR-2020-RM234,0
AB-2019-MAT970,1
CR-2020-ÁEÁ059,0
CU-2019-CTA825,0
TO-2020-NCT665,0
AB-2020-DC611,1
TO-2019-AE801,1
TO-2020-CGR447,0
CR-2019-BCM109,0
AB-2020-APA130,0
CR-2019-FO519,1
CU-2019-NG694,1
TO-2019-PMG320,0
TO-2020-RO275,0
AB-2020-ECM356,0
CR-2019-CAT806,1
TO-2019-VPA492,1
TO-2020-AC036,0
CU-2020-ÁAP903,0
CU-2020-ÁPM855,1
AB-2019-RCC361,1
TO-2020-CU630,1
TO-2019-LTD636,0
AB-2020-CBQ513,0
CR-2020-JAR285,1
CR-2020-RV665,0
AB-2020-MCP349,1
AB-2019-SRH999,0
CR-2020-EDA592,0
TO-2020-QDD911,0
CU-2020-IRS455,0
TO-2019-SDB264,0
TO-2020-ÍZ026,1
TO-2019-EM359,0
AB-2020-EPS137,0
CU-2019-MDL320,0
CR-2019-ADN726,0
CR-2020-MSH668,0
TO-2019-MJC990,1
AB-2019-ASD156,0
AB-2020-ASC205,0
CU-2019-IA241,0
TO-2020-BDT242,0
TO-2020-BMS951,0
TO-2019-MLB776,0
TO-2019-TSC346,0
AB-2019-MTO516,1
AB-2020-ASV166,0
AB-2019-ASV020,1
TO-2019-MFR899,0
TO-2020-LS380,0
CR-2020-JMJ915,0
TO-2020-LCO447,0
TO-2019-DCV089,0
TO-2019-TA470,0
AB-2020-SCV578,1
CU-2020-SFB876,0
AB-2020-MDR914,0
AB-2019-EAS614,0
CU-2019-JJE771,0
TO-2019-SOM149,0
CR-2020-QOC024,0
CU-2019-FPC472,0
TO-2019-RMR745,0
TO-2020-LSC064,0
CU-2020-JMM528,0
TO-2020-EL919,1
AB-2020-JIF160,0
CR-2019-TCS394,1
AB-2019-HPA268,1
CR-2019-RPM259,1
AB-2020-FDS776,1
TO-2019-RDP543,0
CR-2020-OCG106,1
TO-2019-RJR190,0
TO-2019-ITB646,0
AB-2020-FSP601,0
TO-2019-EOB680,1
AB-2020-CG400,0
CU-2019-ABG911,0
CR-2020-MGB668,1
CU-2019-TDS355,0
CR-2019-FL745,0
CU-2019-HAG686,0
TO-2019-PCG267,1
CU-2019-MFP802,0
CR-2019-CMF991,1
CU-2020-HQ287,0
AB-2020-FME721,0
CR-2019-ADF838,1
CU-2020-CAQ904,1
TO-2019-LAE898,1
TO-2020-ZDV772,0
AB-2020-MMC416,0
TO-2020-CA320,0
CU-2020-ACP843,0
AB-2019-TPB492,0
AB-2020-WRT033,1
AB-2019-APP557,1
CU-2020-JRV309,1
TO-2019-JTG520,1
CR-2019-PO961,1
CR-2019-RBT585,0
TO-2020-ASL386,1
TO-2020-LES136,0
AB-2019-CS405,0
AB-2020-HDA155,0
TO-2019-VH339,0
CR-2019-AMB949,0
TO-2020-VAG794,0
CR-2020-AAS333,1
CR-2020-VCG773,0
TO-2019-JFC187,0
CU-2019-CFM706,0
AB-2020-CBS000,0
TO-2020-RJA237,0
AB-2019-VM115,0
TO-2020-PFB066,0
CR-2019-ADM708,1
TO-2020-JLA500,0
TO-2019-CAO142,0
AB-2019-RAB354,0
CR-2020-LVC730,0
AB-2020-AÁQ537,0
TO-2019-MPM969,0
AB-2020-IGC326,0
AB-2019-EG001,0
TO-2019-DDR139,0
CR-2020-LAI002,0
AB-2019-ÁG981,0
AB-2020-PMN394,1
CR-2020-SCS531,0
TO-2019-FFG396,0
TO-2019-RDC497,1
AB-2019-SRS017,0
TO-2020-MSM178,1
AB-2020-ER290,1
TO-2019-SB620,0
CR-2020-TVP294,1
AB-2019-ACA618,0
TO-2020-JJG004,0
AB-2019-ADS896,0
CR-2020-GCR165,0
CR-2020-FG330,0
AB-2020-LJG978,0
AB-2020-AC923,0
TO-2019-SCV283,0
AB-2020-EZP772,0
CR-2020-ATB048,1
CU-2019-CC760,1
CR-2020-SFP449,0
CU-2020-HRE469,0
CR-2019-MAA550,1
TO-2019-MH474,1
AB-2019-FB249,0
AB-2019-BPB542,1
CU-2020-AM779,0
CR-2019-PPV977,0
CR-2019-MTG753,1
TO-2019-CCH435,0
CU-2020-BIS066,0
AB-2020-LEC376,0
TO-2020-SCS882,1
TO-2019-CUB810,0
TO-2020-TDP856,0
CR-2019-EVC457,1
CR-2020-ALA635,0
CR-2019-TTA928,0
AB-2020-FB518,0
AB-2019-ADC530,0
CR-2020-GAS906,1
AB-2020-SOS822,1
CU-2019-DDS897,1
TO-2020-LJZ322,0
AB-2019-AMB087,0
CR-2019-DGM477,1
CR-2020-MDB554,0
CR-2019-SDT020,1
AB-2019-DCG356,0
AB-2019-MFC642,0
AB-2019-ALV315,0
AB-2020-ECG292,1
TO-2019-NOM018,0
CU-2020-CPS457,0
TO-2019-HSC181,0
TO-2019-ÁDA800,1
TO-2019-SCV501,0
TO-2019-CV954,1
CU-2019-ABC679,1
TO-2019-CMP150,0
TO-2020-PMI394,0
CR-2020-EP174,0
AB-2019-MLE453,0
AB-2020-ELN427,0
TO-2020-OVE190,1
TO-2019-NPM900,1
TO-2019-EC536,1
CU-2019-CEG767,0
TO-2019-ABP702,0
CR-2020-DPF927,1
AB-2019-DCU919,0
AB-2019-AJO685,0
CR-2020-VN697,0
CU-2019-GO802,1
CU-2020-LAB073,0
AB-2020-CLA591,0
TO-2020-CBM064,0
TO-2020-AD237,0
TO-2019-JTR670,0
CR-2019-GP097,0
CU-2019-MPP323,0
TO-2019-ÁB468,1
AB-2019-ÁCQ126,0
AB-2020-EV006,0
AB-2019-EFV456,1
CR-2019-MDP690,0
TO-2020-ABA179,0
CR-2020-NPF888,0
CR-2020-CP850,0
TO-2020-HCT362,1
CR-2019-PVI248,0
CR-2020-IAM048,1
AB-2019-MFZ167,0
AB-2019-NCF601,0
CR-2019-ENV460,0
AB-2019-CDC893,1
CU-2020-GMT772,0
AB-2020-MDA745,0
AB-2020-VCR999,1
TO-2019-ONC511,0
CR-2020-OG573,1
CR-2020-FDJ624,0
TO-2019-AA686,0
CU-2020-DMA667,0
TO-2019-IPP871,0
CU-2020-RMR073,0
TO-2020-CDM690,1
AB-2019-CMG672,1
TO-2019-EOB128,0
AB-2019-ARC582,0
TO-2019-IB838,0
AB-2020-IDM858,1
TO-2020-CVS095,1
CR-2019-JBB506,0
AB-2019-LGV460,0
TO-2019-CCC492,1
CR-2020-ALA261,0
CU-2019-APT120,1
TO-2020-NLB548,0
CR-2020-TBF846,0
CR-2019-ZO779,1
TO-2020-TB119,1
AB-2020-LOR900,0
AB-2020-BP905,1
AB-2019-LC274,0
AB-2019-GNQ155,0
CR-2020-ALE021,1
CU-2020-GCA670,0
TO-2020-NBF459,1
TO-2019-LS230,0
TO-2019-JCP530,0
AB-2019-AV926,1
AB-2019-BPM540,0
TO-2020-IB507,1
AB-2020-JDM129,1
AB-2020-LCC919,0
TO-2020-ETN882,0
TO-2019-NOC776,0
TO-2020-GDH194,1
AB-2019-HBS377,0
CR-2020-MDS038,0
TO-2019-PPD517,0
CU-2020-ESM192,1
CR-2020-TMG621,0
CR-2020-AC117,0
AB-2020-ESB061,1
TO-2019-RCS271,1
AB-2019-RS623,1
AB-2020-JIB058,1
CU-2019-NAL822,0
CR-2019-MJS217,1
CR-2019-DRR006,1
AB-2020-DCD212,0
TO-2020-DBN683,0
CR-2020-RDG265,0
AB-2020-CPF956,0
TO-2020-PCA970,0
TO-2020-GAC406,1
TO-2019-MPM681,0
TO-2019-FS093,0
AB-2019-APM519,0
TO-2020-NMA203,0
CU-2020-CBC304,0
CR-2019-LZM385,1
AB-2019-CCL998,1
CU-2019-RVP402,0
TO-2019-RFO966,0
AB-2020-BCR292,1
TO-2020-DGG225,0
CR-2019-ECB717,0
CR-2019-CRH359,0
TO-2019-MAM030,0
AB-2020-SGE831,0
TO-2019-BAP530,0
TO-2020-VVC043,0
AB-2019-LT393,0
AB-2020-RDF671,1
TO-2020-TEM285,0
TO-2019-ADF974,0
AB-2020-INV713,0
TO-2020-OMB061,1
AB-2020-VPA986,1
CR-2020-PNB907,0
TO-2019-FSA214,0
CR-2020-VNM769,0
AB-2019-MDM416,0
TO-2019-LPV582,1
CU-2020-ASG083,0
CR-2020-CA927,0
AB-2020-LBC591,0
CU-2019-ZDM487,0
TO-2020-AGR628,0
AB-2019-CB340,0
TO-2020-RGS452,0
AB-2020-CLF988,0
TO-2020-SAP981,1
TO-2020-NCP010,0
TO-2019-GES314,1
CU-2020-MAM611,0
CR-2019-BCC049,0
CR-2019-FCP692,1
AB-2019-GCC202,1
TO-2019-JSM810,1
AB-2019-GSP501,1
CR-2019-MBC825,0
CR-2020-AMM129,0
TO-2020-SER188,1
CR-2019-EPC441,0
AB-2020-RIP282,1
CU-2019-EDB118,0
TO-2019-FSS227,0
CU-2020-JEB973,0
AB-2020-ADN819,1
TO-2019-MDA501,0
CR-2019-LVF132,0
CU-2020-MVC529,0
TO-2020-MCG249,0
CR-2020-SC535,0
CR-2019-RM469,0
CU-2019-CC810,0
TO-2020-CNP514,0
CR-2020-RA719,0
CU-2019-UCR886,0
AB-2020-DMP320,0
AB-2019-ESP825,0
CU-2019-CSM206,1
TO-2019-CDG464,1
TO-2020-WSN982,1
AB-2019-JDB403,0
AB-2019-ZÁE829,0
TO-2020-MEB541,0
TO-2020-OIB259,0
CR-2020-APT777,0
CU-2019-ABL470,1
CR-2020-MSM613,0
AB-2020-EA154,0
CR-2019-RLE629,1
CU-2020-IGP973,0
CR-2019-ACP029,1
AB-2020-IMB713,0
CR-2019-LCG085,1
CR-2019-CC615,0
CR-2020-IPT662,1
CU-2019-PNM566,1
AB-2020-JPB695,0
TO-2020-LDA932,0
CR-2019-PBJ894,0
TO-2020-LGL448,0
CR-2020-MME208,0
AB-2019-MMD311,0
TO-2019-AFV189,0
CR-2020-RMA887,0
AB-2019-EP559,0
TO-2019-SOA795,0
TO-2019-CS316,0
CR-2020-DVS703,0
CR-2019-LD223,0
TO-2020-GFR895,0
CR-2020-FQM406,1
TO-2019-JCS399,1
AB-2020-FDV031,1
TO-2019-EMF104,0
CR-2020-ÉVB412,0
CR-2020-VDM342,0
TO-2020-FES367,0
AB-2020-MFN637,1
TO-2019-LPB011,0
CU-2020-ADO046,1
CR-2019-RP131,0
CU-2019-FB817,1
AB-2020-AH258,1
TO-2019-IDB191,0
CR-2020-BHH595,1
CU-2020-MÁF828,0
AB-2019-LLM336,0
AB-2020-MDP614,1
AB-2020-VVB847,0
CU-2019-AH849,0
CU-2019-MDL858,1
AB-2019-NOS543,0
TO-2019-JDC428,0
AB-2020-PAA601,1
TO-2019-BLS674,0
TO-2019-RJQ030,1
TO-2019-VCP251,1
TO-2019-RGC753,1
TO-2020-PGS052,0
TO-2019-OSM679,0
AB-2020-LCF544,1
TO-2019-MM844,0
TO-2019-MCT107,0
AB-2020-CCB654,0
CR-2020-GM123,0
CU-2020-NA717,1
TO-2019-MME183,0
TO-2020-LFE469,0
CU-2019-LZM020,0
AB-2020-TAA250,0
CR-2020-MSA820,0
AB-2019-ARB619,0
AB-2020-FG344,0
CR-2020-CC361,0
CR-2019-PA640,0
TO-2020-IBC988,1
CU-2019-CCC253,0
CR-2019-LDF730,0
TO-2020-RDC219,0
CR-2019-FDC610,0
TO-2019-EC173,0
TO-2019-VAM334,0
CU-2019-AFC699,1
AB-2019-ORC459,0
CU-2020-AS058,1
CU-2020-CEP620,1
AB-2020-EPM909,0
CR-2020-ECS428,0
CU-2020-BLS735,1
TO-2020-PGF670,0
TO-2019-AA012,0
TO-2020-TVC010,0
AB-2019-MZF125,1
CR-2019-DMM946,0
TO-2019-TTE015,0
TO-2020-MP372,1
CU-2020-GB950,0
AB-2020-CSS460,0
CR-2019-CBD717,0
CR-2020-MS404,0
CR-2019-RMG963,0
CR-2020-VDM725,0
TO-2019-ADC050,0
AB-2020-EDD108,0
AB-2019-MJF684,0
TO-2020-JMD658,0
CU-2020-ALF199,0
CU-2019-EDM068,1
AB-2020-TLT195,0
CU-2020-YS648,0
TO-2019-ACC466,0
AB-2019-CBF743,1
TO-2019-JDN305,0
CR-2019-RRM236,1
AB-2019-PAR263,1
AB-2020-LNT226,0
CU-2020-AGA774,0
AB-2019-DB003,0
CR-2019-GAV120,0
AB-2020-HHQ217,0
CU-2020-MDP129,1
TO-2020-CT414,1
CR-2020-LPB278,0
AB-2019-OC319,0
TO-2019-BSR367,0
AB-2020-CL636,1
CU-2020-ARM962,0
CR-2020-SGV395,0
AB-2020-EDC405,1
TO-2020-AB536,0
TO-2020-PDS035,0
CR-2019-DA115,0
CR-2019-STM583,0
CU-2020-PAA551,0
CU-2019-PTC220,0
TO-2020-ACM144,0
AB-2019-LEC173,0
TO-2019-CP778,1
TO-2020-VDA593,1
CU-2019-JÁC838,0
TO-2020-NE742,0
TO-2020-MSL459,1
AB-2019-DNO253,1
TO-2020-BBB509,0
AB-2019-BMB257,1
CR-2020-MPO425,1
AB-2019-PM479,0
CR-2019-AFR399,0
CR-2019-OGM968,1
AB-2020-FDC638,1
CU-2020-BVR767,1
TO-2020-JCA867,0
AB-2019-AMM820,0
CR-2019-HCP514,0
AB-2019-CGR573,0
CU-2020-ESV481,1
AB-2020-GBS899,0
AB-2019-TDJ511,0
TO-2020-IRS496,0
CR-2020-SRP460,1
TO-2020-GAP829,0
TO-2020-GPA425,0
CR-2020-SMH086,0
AB-2019-MRP611,1
TO-2019-TG043,0
CU-2020-CCG692,0
CU-2020-IGQ730,1
TO-2020-DS164,1
CR-2020-SDP356,0
TO-2019-RAG337,1
CR-2020-SMM085,1
TO-2020-BDC440,1
CR-2020-CGV365,1
TO-2019-LSB002,0
TO-2019-LMS083,0
AB-2019-CRF656,0
AB-2020-ECC149,1
CR-2019-MFG531,0
TO-2019-JCG837,0
TO-2019-DVM594,1
TO-2019-RCA701,0
TO-2019-JS828,1
AB-2019-RDC233,0
CR-2020-BI652,0
AB-2019-EM364,0
AB-2020-GFC025,0
CR-2019-TMÁ361,0
TO-2019-AM366,0
AB-2020-ATT048,1
TO-2020-EÁB682,1
AB-2019-JCL439,0
TO-2019-NIC530,0
AB-2020-TRG673,1
CR-2020-ECC481,1
CR-2020-LAM930,0
TO-2019-APV441,0
CU-2020-JCB248,1
CR-2019-RDA110,0
TO-2019-SFP668,0
TO-2020-DDÁ603,0
CR-2020-DC956,0
CR-2020-JBM329,0
AB-2020-PRJ840,0
CR-2019-CMM571,1
CR-2019-YA471,0
AB-2020-CEL602,0
AB-2020-HBB712,0
AB-2020-RAG488,0
TO-2020-VDH330,0
TO-2019-BAL130,0
CR-2020-PDS075,0
TO-2019-PDD580,0
CR-2019-OMM611,1
CR-2019-JLL666,0
AB-2019-MFN362,1
AB-2020-JCM049,1
AB-2019-DDC778,0
AB-2020-ADN685,1
TO-2020-NRS368,0
TO-2019-IDM357,0
CU-2020-ÍGA163,0
TO-2019-CAS633,1
AB-2020-GLM462,1
TO-2020-HB481,0
TO-2019-MDB735,0
AB-2020-SBL752,1
CU-2020-RL116,0
AB-2019-AGN058,0
AB-2020-MCÁ791,0
AB-2020-BLV945,0
AB-2019-DBG956,0
CU-2019-CIP628,0
AB-2019-BTC441,0
AB-2020-FPR861,0
AB-2019-AAC628,1
TO-2020-MLC847,1
TO-2020-MCV583,0
AB-2019-MFB250,0
AB-2020-NDG267,0
TO-2020-RAS515,0
CU-2019-AR412,0
CR-2020-NDR202,0
CR-2019-MGC794,0
TO-2020-ERG124,0
TO-2019-NVG228,0
CR-2019-GAA567,0
TO-2019-SMT374,0
AB-2020-IBN452,0
CU-2019-GGA419,0
CU-2020-NF284,0
AB-2019-LL616,1
TO-2020-MEB410,1
AB-2019-CCG159,1
CU-2020-CT887,1
CU-2020-NC600,1
TO-2020-SAM808,0
AB-2019-AS531,0
TO-2020-ECP663,1
TO-2020-SOL013,1
CU-2020-GCÁ993,0
CR-2019-BCA928,0
CR-2020-ALV695,0
CR-2019-TEC741,0
AB-2020-HPF184,0
CR-2019-IRC882,0
CU-2020-CMM049,0
AB-2019-AMQ003,1
AB-2019-NML169,1
AB-2020-CSL954,1
CR-2019-MEC009,0
AB-2019-DBP872,1
CR-2020-IMB961,0
TO-2020-RSI742,0
CR-2019-BGA774,1
TO-2019-GAA267,1
AB-2020-GC403,0
AB-2019-VBE961,1
CR-2020-AJL546,0
CR-2020-ES507,0
CR-2019-LAQ960,0
AB-2019-AMS714,0
CU-2019-BMO698,0
CR-2020-ÁR239,0
AB-2020-OL673,1
AB-2019-LCU018,0
TO-2019-HCI772,1
CR-2019-IDR357,1
TO-2019-IRA084,1
TO-2019-ENM359,0
CR-2019-RDD766,1
CR-2020-SV916,0
AB-2019-BAM206,0
CU-2019-TCC440,0
CU-2020-RJM632,1
CU-2020-GDR796,0
CU-2020-ÍT581,0
CR-2020-CR922,1
TO-2019-DFA157,0
CR-2019-AG092,1
TO-2019-ELA536,0
TO-2019-CMP723,0
AB-2019-VSF501,0
AB-2019-GF203,0
CR-2020-CFT520,0
AB-2019-ACA341,1
TO-2019-FIB014,0
TO-2020-JMB824,0
CU-2020-BNS902,0
TO-2019-PVP814,1
CR-2019-LPM144,0
CU-2019-DL867,1
AB-2019-OBB264,0
AB-2020-GDI660,1
TO-2020-RTR676,0
CR-2019-BI875,0
CU-2019-JHV364,1
TO-2020-NBS019,0
TO-2019-EBV796,0
AB-2020-BF671,1
AB-2020-MCQ403,1
TO-2020-ACV878,0
CU-2019-PSS697,0
TO-2020-JTP374,0
CR-2019-FSR817,0
AB-2020-JJS813,0
CR-2019-TPA331,1
TO-2019-PBH204,1
TO-2020-IFA815,1
TO-2020-EA282,0
AB-2019-ÁGC432,1
AB-2020-NAC010,0
CR-2019-GPC342,0
TO-2019-TPH438,0
TO-2019-IMI935,0
TO-2020-BS886,0
CR-2019-JDC649,1
CR-2019-AV893,1
CR-2019-ESL960,1
CR-2019-CRP139,0
CR-2020-JM623,0
AB-2020-RVC115,0
CR-2020-VNV419,0
TO-2019-RGA893,0
CR-2020-WDC332,0
AB-2020-AZS730,0
CU-2020-PS455,0
AB-2020-FFÁ590,1
TO-2019-RRQ510,0
AB-2020-LAT799,0
AB-2019-CNE637,1
TO-2019-AAE076,0
AB-2020-EDV878,0
TO-2020-IPS833,0
CR-2020-MEL644,1
CU-2019-CP042,0
CR-2019-OSC360,0
CU-2019-PC192,0
TO-2019-CDR394,0
CU-2020-OCG542,0
CU-2020-EEO044,0
CR-2019-VVV847,0
AB-2019-CST267,0
CR-2020-CP482,1
CR-2019-MOC606,0
CR-2019-EDP337,0
AB-2019-AB816,0
AB-2019-LCA590,0
TO-2020-MDL027,1
CR-2020-NAL944,1
TO-2020-CS290,0
CR-2020-GBP324,1
CR-2019-NPL314,0
CU-2020-GAR764,0
CR-2019-VA512,1
TO-2020-CVG124,0
CU-2019-BIL685,0
CU-2020-MMC936,0
AB-2019-CFJ277,1
TO-2019-IDA851,1
TO-2020-AA253,0
CR-2019-LMB920,1
CU-2019-BBR722,1
CR-2020-MIS151,0
TO-2019-BAV793,1
AB-2019-HCH323,0
CU-2020-SDD558,0
TO-2019-AVA668,0
CR-2020-AP135,1
CR-2020-MR059,0
AB-2019-RCA560,0
AB-2020-JL933,1
CU-2020-LGÁ409,0
TO-2019-SGV640,0
CU-2020-LAC371,0
TO-2020-ZDU073,0
AB-2020-CCÁ768,0
CR-2020-MF595,0
TO-2020-AGB251,0
TO-2020-AGG469,0
CR-2019-AFA673,0
TO-2019-FZ236,0
CR-2020-GCÁ678,0
CR-2019-PDF290,0
AB-2020-MBA005,0
CR-2020-ARS753,0
AB-2019-AA114,0
CU-2019-AP011,0
AB-2019-EPP297,1
TO-2019-FCG145,0
TO-2019-FBM195,0
TO-2020-CP711,1
CR-2020-RAD642,0
CR-2020-LM269,1
TO-2019-GB297,0
AB-2020-JMR425,1
TO-2019-JMÁ496,0
AB-2020-PHT059,0
TO-2020-ODC290,0
TO-2019-MBB615,0
CR-2020-ILG247,0
AB-2019-MC848,0
CR-2019-DRM968,1
CU-2019-ADB933,0
CR-2019-JDB312,1
TO-2020-RN328,1
AB-2020-IDO500,0
CR-2020-JEP516,1
CR-2020-AU079,0
CR-2020-DRA135,0
AB-2020-RNN437,0
CR-2019-ACS849,0
CR-2020-PHP041,0
AB-2019-IDB777,1
TO-2019-PVC632,0
AB-2020-AVT536,0
CR-2020-RMV570,1
CR-2019-BCA725,0
CR-2019-EDC545,1
TO-2020-BBA882,0
TO-2019-JDA035,0
CR-2019-RAO881,0
TO-2020-MP494,0
AB-2019-SC770,1
CR-2020-PCR485,1
TO-2019-ADM155,0
TO-2019-AH841,0
TO-2019-FMF433,0
AB-2020-CRS727,0
CR-2020-SV668,1
CR-2019-NN294,0
TO-2020-FEU406,0
AB-2019-MDÁ712,0
TO-2019-ÁG499,0
CR-2019-EDG443,0
AB-2019-EMP787,0
CU-2019-RVS164,1
CR-2019-RCC571,0
TO-2020-ETM649,1
TO-2019-AEM548,1
AB-2020-SVR429,0
AB-2019-MDO606,0
CR-2020-CM156,0
AB-2020-CHR206,1
TO-2020-TRS512,0
CU-2019-BVN718,0
AB-2020-YDA916,0
TO-2019-JDP278,1
CR-2019-OG757,0
TO-2020-GTB632,0
TO-2019-RAO640,0
TO-2020-EDP024,0
CR-2019-SAM647,0
AB-2019-CIC047,0
TO-2020-MA687,0
TO-2019-EOF889,0
AB-2020-HDP171,0
CU-2019-APM904,1
CR-2019-MSC594,0
TO-2020-RDR758,0
CR-2019-IBL629,0
TO-2019-ÚJS643,0
TO-2020-AC098,1
AB-2019-SDC498,0
AB-2020-PMR711,0
CR-2020-YDM501,0
AB-2020-OPR618,0
CR-2020-OQP677,0
TO-2020-FM008,0
TO-2019-RDR113,1
CU-2019-LRA506,1
CU-2019-SCR125,1
CR-2020-AAB277,1
AB-2020-HO215,0
CR-2019-DMV978,0
AB-2020-GVA471,1
TO-2020-ÁC217,1
AB-2019-HMB297,0
CU-2019-RRT011,0
AB-2019-CGM539,0
AB-2019-JD821,1
CR-2019-BM433,0
TO-2020-BB815,0
TO-2019-SPA768,1
AB-2020-CDB883,0
CR-2020-TTG255,0
CR-2020-FAV199,0
AB-2020-JCR606,0
TO-2020-VAP271,0
TO-2020-AR999,1
TO-2020-EFC598,0
CU-2020-AL437,0
CR-2019-ECA405,0
TO-2019-MSB125,0
CR-2019-GPP222,0
AB-2020-VN171,1
TO-2019-RDA251,0
CR-2019-ADT196,1
TO-2020-OVZ635,0
AB-2020-JBC144,1
AB-2019-BC799,1
TO-2019-GCB451,1
AB-2019-CVV288,0
TO-2019-MPS980,0
CU-2019-NMP315,1
CR-2019-GZR194,1
CR-2019-JLO228,0
AB-2020-EES768,0
CU-2020-ADM490,1
CR-2019-MRC435,0
AB-2019-SGF481,0
CR-2019-SAD025,1
AB-2019-MCL817,0
TO-2019-MFE183,1
TO-2019-VB239,0
AB-2019-MCB118,0
TO-2020-AMM831,0
TO-2020-MBE609,0
TO-2019-LP193,1
AB-2020-RRB992,0
CU-2019-NDE838,0
TO-2020-PGR444,1
TO-2019-EGO475,1
TO-2019-RMA970,0
AB-2020-DFC739,0
AB-2019-PCC084,0
CR-2020-LCB741,1
TO-2019-CP967,0
TO-2020-ODB091,0
TO-2020-JFT961,1
TO-2020-JCC825,0
CU-2019-LSR614,0
CU-2019-DQH092,0
CU-2019-MZC861,1
AB-2019-NSM435,1
CR-2020-PMD179,1
AB-2020-NMS540,0
TO-2019-BAJ167,0
TO-2019-BLE992,1
AB-2020-EBM196,0
AB-2019-BAG800,1
AB-2020-EDA423,0
CR-2019-JDE434,0
AB-2020-RLP126,0
AB-2019-ITS430,0
CR-2019-LA240,0
AB-2020-HSM490,1
CR-2020-BC655,0
AB-2019-SSD133,0
CU-2019-RTF938,1
CR-2019-FAM928,0
TO-2020-AZ653,0
AB-2019-JJP511,0
CU-2020-OLM946,0
CR-2019-GM292,1
AB-2019-CA322,1
CR-2019-SB733,0
CR-2020-RRS121,0
TO-2019-PU288,0
CU-2019-XCD280,0
TO-2019-LPD909,1
CU-2019-JVM380,0
AB-2020-YP189,0
TO-2020-CZI090,0
AB-2020-TAF471,0
AB-2020-ADN837,0
CR-2019-TJT317,1
TO-2020-DSM566,0
TO-2019-PPC834,0
TO-2020-BD607,0
CU-2019-EVP942,0
CR-2019-ACN363,0
CR-2020-CRG836,1
AB-2020-MVA106,0
CU-2019-BAB442,1
CU-2019-CDT397,1
AB-2019-RB447,0
TO-2020-DC875,1
CR-2019-LT957,0
CR-2019-RÁA292,1
TO-2019-EDR571,0
AB-2020-JSP640,0
TO-2019-EGG127,1
TO-2020-OPC403,0
AB-2020-JCP904,0
CU-2020-CDS059,0
CR-2020-ICA269,0
CR-2019-CAL347,0
TO-2020-PVC040,0
TO-2019-NSR275,0
CR-2019-EAB739,0
CR-2020-PR249,0
TO-2019-TVP396,0
TO-2020-LGI826,1
CR-2020-GRL433,0
AB-2020-CDM918,0
CU-2020-SRC810,1
CR-2019-OVP038,0
CR-2020-OJF501,0
CR-2019-ÍMN111,0
CR-2020-JRG071,1
TO-2020-RBA324,0
CU-2019-PA441,0
TO-2020-LB812,0
AB-2020-ÍTL014,0
TO-2019-MPC549,0
CU-2020-ARC881,0
TO-2020-MCD541,0
TO-2019-AAC608,1
AB-2020-AC793,0
AB-2020-TDR485,0
TO-2019-JCC531,0
AB-2020-RC034,1
CU-2020-EJO718,1
AB-2020-RRV271,0
CU-2019-LH279,1
CR-2019-EC466,0
TO-2019-PRC185,1
CR-2020-ERJ667,0
TO-2019-LR198,0
TO-2020-LCC802,1
TO-2019-APL493,0
AB-2020-RVM458,0
AB-2019-MCP223,0
TO-2019-AC505,0
TO-2020-AOC198,1
AB-2019-SM199,0
CU-2019-AS659,1
AB-2019-JCQ683,1
AB-2020-CDG234,0
TO-2019-SPT104,0
AB-2020-RBD933,1
CU-2020-CSC365,0
TO-2019-SAP917,0
CR-2019-MLT601,0
CR-2020-FBF999,0
CR-2019-RST513,0
TO-2020-LPB278,1
TO-2020-MZP685,0
CU-2020-ES084,0
CR-2019-PAM174,0
CR-2019-LMC851,0
TO-2019-RDO024,1
CR-2019-PYR781,0
TO-2020-RC413,0
AB-2019-GMC762,0
AB-2020-NSN884,0
CU-2020-CFA141,1
CU-2019-AAT146,1
TO-2019-NGP920,0
AB-2020-RGS002,0
TO-2019-JHP145,0
CR-2019-EDA181,1
CR-2020-OT297,0
TO-2020-SC227,0
CU-2020-FAS682,0
TO-2020-EMS236,0
CU-2019-FJH859,0
TO-2019-DDA355,0
AB-2020-LPM214,1
TO-2019-FRS394,0
CR-2020-AIC201,1
CU-2020-HTC368,0
CR-2020-ÓRA126,0
AB-2020-NPD573,1
TO-2020-IDS410,0
CR-2019-RAT050,0
TO-2019-OBR545,0
AB-2020-DR658,0
CR-2020-PRC364,1
AB-2020-LGF786,0
TO-2020-RPR065,1
TO-2019-MLT656,1
AB-2020-NC212,0
AB-2020-JMC268,0
CR-2020-RAP216,0
TO-2020-UCC099,0
AB-2020-ING812,0
TO-2019-NVA882,0
TO-2020-VDV124,1
TO-2020-ISM907,0
TO-2020-SS060,0
CR-2019-SID688,0
TO-2020-DV120,0
CU-2020-MAA068,0
TO-2019-MAH185,1
TO-2019-CF450,0
CR-2020-ITP959,0
TO-2019-TCC894,0
TO-2020-CZC304,0
TO-2020-BBC967,0
CR-2020-DBA913,0
CR-2019-EEE167,1
CU-2019-DCO131,0
CU-2020-MOC439,0
TO-2020-IDL578,0
AB-2019-CDF214,0
TO-2019-IS214,0
AB-2019-BG355,0
AB-2019-EI877,1
TO-2019-NAB359,1
AB-2020-EGM866,1
AB-2019-GM394,0
CU-2019-CPG296,0
CU-2019-MV897,1
CR-2020-JL993,1
TO-2019-RRC181,0
CU-2020-RVB649,0
AB-2019-HPF138,0
TO-2019-ACA254,0
AB-2020-LOH067,0
AB-2020-SDS571,0
AB-2020-ARD110,1
CR-2020-AJS431,0
TO-2019-AAI820,0
AB-2019-RC052,1
AB-2020-AM424,0
CR-2019-CDA190,0
AB-2019-ÁPR780,0
TO-2019-NAP845,0
CU-2020-BGJ226,0
AB-2020-AAJ418,0
CU-2020-MLE747,1
CR-2020-VCM533,0
AB-2019-MTÁ156,0
AB-2020-UO426,0
TO-2019-AMS277,1
AB-2019-YP598,0
AB-2020-NDC748,1
AB-2019-YHV506,0
AB-2019-EA027,0
TO-2020-JJP154,1
AB-2020-LEA776,0
TO-2019-MRY839,0
CR-2020-MTA629,1
CR-2020-TCC682,0
TO-2020-JMG629,0
CR-2019-NZV030,1
AB-2019-PA940,1
CR-2020-SFE520,1
AB-2020-ADF572,0
AB-2019-MCF796,1
AB-2019-DCI531,0
CR-2020-CRV760,1
TO-2019-CTH079,0
CU-2019-CHE779,1
TO-2019-RP340,0
CR-2019-VRP323,0
AB-2020-NV817,1
CU-2019-MU684,0
CR-2020-JMT052,1
CR-2020-FAC851,0
AB-2019-ORS545,0
CR-2019-JAN375,0
CU-2020-SC604,0
TO-2020-AF966,1
CU-2019-DSG775,1
TO-2020-BDM968,0
CR-2020-JCD254,1
CR-2020-JVD970,1
AB-2019-AA668,0
CR-2019-AM549,1
AB-2020-PMI702,0
CU-2020-CAC784,0
AB-2020-CGG424,0
TO-2020-MLP171,0
TO-2019-AGL953,0
CR-2019-HBC801,1
AB-2020-MFR003,0
AB-2019-JLA740,0
TO-2020-IS707,0
AB-2020-RO713,0
AB-2020-ABB195,1
TO-2019-AB584,0
CU-2020-DDC872,0
TO-2019-VCP846,0
TO-2020-RY688,0
TO-2020-NCS730,0
AB-2019-CDR839,1
TO-2020-RMQ553,0
CU-2020-MCO654,0
TO-2019-ÁPM890,0
TO-2019-DBR689,1
AB-2020-ÁFC457,0
CU-2019-VMC983,0
TO-2020-BOM173,0
TO-2019-FT107,0
TO-2019-EC945,1
TO-2019-MAP160,0
TO-2019-AB604,1
CR-2019-AAA540,1
TO-2019-CDB526,1
AB-2019-GMR784,1
TO-2019-BR518,1
CR-2019-MPR898,1
TO-2020-RV711,0
TO-2020-JMC716,0
CU-2019-OA209,0
TO-2019-LAB183,0
CR-2020-EJ397,1
CR-2020-FBA233,1
CU-2020-LDM126,0
AB-2019-RFC118,0
CR-2019-JMJ939,0
AB-2020-VLC094,0
CR-2019-FSP124,0
TO-2019-CFR867,1
TO-2020-UPA788,1
TO-2019-JPA601,1
CR-2020-TV426,0
AB-2020-IC568,0
AB-2019-FVM061,0
TO-2020-ENB189,1
AB-2019-MAP106,0
TO-2019-AM997,1
CU-2019-ABP833,0
CU-2019-EC935,0
TO-2019-ABB578,1
CU-2020-TFF319,0
AB-2019-EDB635,0
CU-2019-EDD816,0
AB-2019-ELC626,1
TO-2019-EPV981,1
CU-2020-JRS867,0
CR-2020-FI487,1
TO-2019-IML234,1
TO-2020-JCT142,0
TO-2020-BC344,0
AB-2020-RMH573,0
CR-2019-MO074,0
CU-2020-QRR756,0
AB-2020-ECA757,0
AB-2019-NCF876,0
TO-2020-HMB458,0
CR-2020-MV854,1
CU-2019-PRI175,1
AB-2019-ECP206,1
AB-2020-CRG025,0
CR-2020-MBM238,0
CR-2019-LMB727,1
TO-2020-IC707,1
CU-2019-CR546,0
CR-2020-FL966,1
AB-2019-PRB881,0
CU-2020-EDH190,0
CR-2020-IDA221,0
TO-2020-NAR431,0
TO-2019-YBÁ762,1
AB-2020-HPF559,0
CR-2019-JJC636,0
TO-2019-JC597,0
AB-2019-PTY392,1
AB-2019-ARP610,0
AB-2020-EDR892,0
TO-2019-TPR568,1
AB-2019-AP670,0
AB-2020-GAS354,1
AB-2019-LCC906,0
TO-2019-SCB082,1
CR-2019-JDA387,1
TO-2019-CJÁ119,1
CR-2020-JTB481,0
CU-2019-ÁJC238,0
AB-2019-LPM126,1
TO-2020-FSM172,0
CR-2020-BDB142,0
TO-2019-SÁH534,0
TO-2019-RLT386,0
CR-2020-JS757,1
CR-2020-EBT082,0
CR-2019-EBB938,1
CR-2019-CLB717,1
TO-2020-MDA859,0
CR-2019-MNB562,0
AB-2019-NAR133,0
CR-2019-LP763,1
CR-2020-MY783,1
CU-2020-LLD979,0
TO-2020-BCG094,0
TO-2020-MMA943,1
CR-2019-NRT357,1
CR-2019-ESB569,0
AB-2020-JDP788,0
CR-2020-LBS491,0
TO-2019-JB870,1
AB-2020-BRB178,0
TO-2019-DBB172,0
AB-2020-EMC643,0
CR-2019-JVA432,0
TO-2019-CLP035,0
TO-2020-DVM190,0
AB-2020-MRS883,0
CU-2020-TNS753,0
TO-2019-SG803,0
TO-2019-MM920,1
CR-2020-SG603,0
CU-2020-JHS690,0
CR-2020-CVB224,0
CR-2020-TTA415,0
TO-2020-ESV034,0
CR-2019-LO282,0
CR-2020-TGS190,0
CR-2020-CAF677,1
CR-2019-MVI638,1
TO-2019-ALP420,1
AB-2020-ADR839,0
CR-2020-LGA844,0
TO-2020-EDV029,0
AB-2020-PDV743,0
AB-2020-PDP532,1
CU-2019-CA053,1
CR-2020-GNC287,0
CU-2020-SDA063,1
TO-2019-MSV481,0
TO-2020-AVH368,1
CR-2019-CAL536,0
TO-2020-USR724,0
TO-2020-NPB778,1
TO-2019-DIP317,0
CR-2019-AOG122,1
CR-2019-JMC448,0
CU-2020-JMF056,1
CR-2019-ECP479,1
CR-2019-MPD047,1
CR-2020-PAS374,0
AB-2020-ER942,0
TO-2019-MPG973,1
CU-2019-MNV740,1
CR-2020-CU727,0
CU-2020-REF705,1
TO-2020-VGM645,0
TO-2019-SM727,0
AB-2019-VDS557,0
CU-2019-HGT625,0
TO-2020-CVA855,1
AB-2020-AJC415,0
CR-2019-LMÁ182,0
AB-2020-CLA871,0
CU-2019-LAM832,0
CR-2019-GC307,0
CR-2019-RRN038,1
AB-2019-JJS514,0
AB-2020-ADS468,0
CR-2019-MBJ886,0
CU-2020-PAÁ397,0
TO-2020-MG131,0
CU-2019-YSP707,0
CR-2020-VOP423,0
AB-2019-AC149,0
CR-2020-VMT718,1
TO-2020-BBP264,1
TO-2020-EMB937,1
AB-2019-CDM145,0
CU-2019-PAA330,0
TO-2020-CLM213,0
CR-2019-OC664,0
CR-2020-RRC665,1
CR-2019-CDL257,0
AB-2019-LGQ360,0
AB-2019-JLP210,0
TO-2019-MBC949,1
AB-2019-SCR321,1
AB-2020-REM167,0
AB-2020-SSG758,0
TO-2019-SFF492,0
AB-2019-BDT920,0
TO-2020-JMP900,1
AB-2019-ANA694,0
AB-2019-MOB543,0
CU-2020-JEM231,0
TO-2019-RM505,0
AB-2020-POR868,0
CR-2020-NOL431,1
CU-2019-ÁGM767,1
TO-2019-IE138,0
AB-2019-MHS307,0
TO-2020-FRM120,0
TO-2020-IGN513,0
TO-2020-MCG669,0
AB-2019-EVA463,0
CU-2020-VGB430,0
TO-2020-RMT335,0
CU-2019-MÁA729,1
CR-2019-GBA629,1
AB-2019-JLJ394,1
CR-2020-JCB146,0
AB-2019-MN516,1
TO-2019-JCP950,0
TO-2019-DLM545,0
CU-2020-ÁEA911,1
TO-2020-AVF729,0
CR-2019-CVM138,0
TO-2020-OB449,0
CU-2020-MAF074,0
TO-2019-RSM987,1
AB-2020-EJA547,0
TO-2019-MHS694,1
AB-2019-RAC471,1
AB-2020-MG407,0
CR-2019-MP753,0
CR-2019-NTV023,1
AB-2020-AC591,1
TO-2020-FHS109,0
CR-2019-PMT644,1
CU-2020-CAV791,0
CR-2019-NDC260,0
CR-2019-ADG451,0
CU-2019-JCE713,0
CU-2019-PL817,0
TO-2020-HPC286,0
CU-2019-GB943,1
TO-2019-AJM032,0
CR-2020-CAV027,0
CU-2020-PDÁ174,0
TO-2019-BC356,0
AB-2019-VT010,0
CR-2020-RRA369,1
AB-2020-RCG965,0
TO-2020-AF335,1
TO-2019-RBB875,0
CR-2019-SO823,0
CR-2020-BR897,0
TO-2020-ADY037,0
TO-2019-EGA340,0
CR-2020-JAP740,0
TO-2019-LAL931,0
CU-2020-MRQ226,0
AB-2019-OA500,0
AB-2019-JLM354,0
CU-2019-CBP523,0
TO-2020-RCB004,0
CR-2019-EAB897,0
CR-2020-BVB197,1
CU-2020-PGC173,0
AB-2019-CA512,0
TO-2019-JCS652,1
CR-2020-NPA760,1
CR-2019-EFB183,0
AB-2019-APC836,0
AB-2020-ICA423,0
CR-2020-CUJ233,1
TO-2019-BCL755,1
TO-2020-JBN028,0
CU-2020-LM738,0
TO-2020-MES626,0
AB-2019-MGA891,0
TO-2019-GAO013,0
CR-2020-TOO848,1
TO-2019-VDS723,1
TO-2019-EDF763,0
AB-2019-EMF369,0
CR-2019-XH065,0
AB-2019-FDC861,0
CU-2019-DPC101,0
CR-2019-AMR119,0
TO-2019-CGE427,0
CR-2019-DP284,0
TO-2020-JSC620,0
CR-2019-DRB412,0
TO-2019-ARG889,0
AB-2019-FCC043,1
TO-2020-EVP975,0
CR-2019-HCP688,0
CU-2019-PA560,0
AB-2019-PB049,0
TO-2019-AFM151,0
AB-2019-HEC501,0
AB-2020-MSM547,0
CR-2019-GRC824,0
CU-2020-ADA743,0
CR-2020-RCE801,0
TO-2020-BSR231,0
AB-2020-RPI467,0
CU-2020-ADP172,0
CR-2020-PDR910,1
CR-2020-RCM028,0
TO-2020-MJA936,0
AB-2020-AF420,0
CR-2019-EC702,0
CR-2019-CED499,0
TO-2019-RVT720,0
CR-2019-CBC051,0
CR-2019-CUG730,0
CR-2019-AQP882,1
CR-2019-JE069,0
AB-2019-FPH199,1
AB-2019-STM198,1
TO-2020-PFD385,1
TO-2020-DID155,0
AB-2019-CL736,0
TO-2020-JDR634,1
AB-2020-PNY322,0
CR-2019-FMA976,1
TO-2019-OVM181,0
TO-2020-PTC352,0
AB-2020-VG232,0
AB-2020-RDR474,0
CR-2020-SOP151,1
CR-2019-IL942,0
CU-2019-PGA681,0
TO-2020-EPC772,1
TO-2020-GAA363,1
AB-2020-DC529,0
TO-2019-SN964,0
AB-2020-MAC243,0
TO-2019-PRM186,0
AB-2019-LDM202,0
CU-2019-RGC825,0
CR-2020-FFC090,0
AB-2019-FMI428,0
AB-2020-EAA812,0
AB-2020-OGC004,0
AB-2020-FRC535,0
TO-2019-RDJ690,0
CR-2020-LCA164,0
CR-2019-NGC250,0
AB-2020-LHS954,1
TO-2019-EMM736,1
AB-2019-AU964,0
TO-2019-RAB407,0
CR-2020-ATP947,0
TO-2020-RG717,1
TO-2020-AV332,0
AB-2019-TRG347,0
TO-2020-EFB242,0
CR-2019-ADC062,1
CR-2019-QFS006,1
TO-2019-MFP252,0
CU-2019-SOM510,1
AB-2019-SHG526,0
AB-2019-GVC857,0
CR-2020-MCS073,0
AB-2019-JAA588,1
CR-2019-HAC373,0
CR-2020-AVR166,0
CR-2020-BÁA402,0
TO-2020-ELA187,0
TO-2019-DDG613,0
TO-2019-EB298,0
TO-2019-AEE613,0
AB-2019-LCR643,0
TO-2020-NFC345,1
CR-2019-GM702,0
AB-2019-CPD606,1
TO-2020-ZQF358,0
TO-2019-VCV443,0
TO-2019-JAA526,1
CR-2020-HDG836,0
AB-2020-GFO755,0
AB-2019-EL241,0
AB-2019-PBV884,0
AB-2020-BDF265,0
CR-2019-AL379,0
CU-2020-SLG588,0
TO-2020-JGE765,0
CR-2019-CSV023,0
CR-2020-CCV843,0
CR-2020-CA665,1
CU-2019-HRÁ426,0
TO-2020-CC198,0
TO-2019-CEC809,0
AB-2019-BPC147,1
CR-2019-JS928,1
TO-2019-IGV761,0
TO-2019-LEG424,0
TO-2019-MGG453,0
CR-2019-PRB021,0
AB-2020-PPG547,0
TO-2020-TDA419,1
CR-2020-CVH198,0
AB-2020-ECM697,1
CU-2019-LAS789,0
TO-2019-SNS884,0
TO-2019-SCS277,0
CR-2020-HDS973,0
CR-2019-HRA886,0
TO-2019-JBB514,0
TO-2020-CR455,1
TO-2019-RAL311,0
TO-2020-ATP604,1
CR-2019-CBV693,1
TO-2019-DP386,1
TO-2020-CA416,1
AB-2020-FMU836,0
TO-2019-DHD878,1
TO-2019-XC774,0
CU-2020-CDD460,0
CR-2019-PCR971,0
CU-2020-HMV537,0
CR-2019-ARL297,0
TO-2019-MGM169,0
AB-2020-IDR967,0
CU-2020-GAP456,0
TO-2019-YFA322,0
TO-2020-POR805,1
CR-2020-LBC251,0
TO-2019-FV602,0
CR-2019-RG577,1
CR-2019-RM419,1
AB-2019-PRC081,0
AB-2020-CA970,0
CU-2019-EAS295,0
TO-2019-OPI097,0
CR-2020-JLA887,0
AB-2019-CV599,1
AB-2019-CPA346,1
AB-2019-MUU825,1
TO-2020-BDC453,1
TO-2019-PVP669,0
TO-2019-CDF963,0
AB-2020-JCH169,1
CR-2020-ATD251,1
CR-2020-ADL686,1
CR-2019-MDI806,0
CR-2019-MCC025,1
TO-2019-AAP018,0
AB-2020-CI743,0
TO-2019-MB961,1
CU-2019-NP727,0
CU-2019-MDV185,0
AB-2019-FAV674,0
AB-2019-DDD581,1
CU-2020-LPP702,1
TO-2020-EA328,0
CR-2020-VM555,0
AB-2019-PSN527,0
TO-2020-CRR541,0
TO-2020-NSB286,0
CU-2019-ILC788,0
AB-2020-OMA823,1
TO-2020-ÍAC015,0
TO-2019-RNT141,0
TO-2019-NDM532,0
TO-2019-APC014,0
CR-2020-CTR897,0
CR-2020-EFA299,0
TO-2020-TPC682,1
TO-2019-EAP296,0
CU-2020-MAP482,0
TO-2020-JRE143,0
TO-2020-AI172,1
AB-2020-LDR816,0
TO-2019-ÍRU186,0
CU-2019-MR163,0
AB-2019-CVL062,0
CR-2020-TDJ720,1
TO-2020-ÁBR450,0
AB-2020-AUA624,1
CR-2019-HSA061,0
TO-2020-IDN578,0
TO-2020-HG626,0
AB-2020-IBF210,0
CR-2020-MTS521,0
TO-2019-VTH560,0
CR-2020-RBO529,0
TO-2020-LC262,0
TO-2019-TA806,0
CR-2019-GIQ978,0
CU-2020-DG805,0
CU-2019-HGS606,1
CU-2020-CDM687,0
CR-2020-EM884,0
TO-2019-JIN164,0
AB-2019-EMS521,0
CU-2020-ACG756,1
TO-2020-SDR644,0
CR-2020-SLP430,1
TO-2020-VJ781,0
AB-2019-PSB571,0
AB-2020-SPS518,1
AB-2020-GBP279,0
TO-2019-FPB913,0
TO-2019-FCF856,1
AB-2020-BNM124,0
TO-2019-XL419,0
CU-2019-EAU578,0
CR-2020-RTG122,1
CU-2019-CB299,0
CR-2019-BG568,1
AB-2020-NNN469,1
AB-2019-AA796,0
AB-2020-MDB270,1
CR-2019-MUR385,0
TO-2020-ACA187,1
TO-2019-MGA760,0
CR-2019-MPL379,0
CR-2020-TVB692,0
TO-2020-RQP678,1
AB-2020-MMG004,0
CU-2020-ICR489,0
AB-2020-JDO189,1
AB-2019-AC521,0
TO-2019-PF814,1
TO-2020-ADM526,0
TO-2019-DJM330,0
CU-2020-SMH132,1
CU-2020-IVD674,0
AB-2019-EAC715,1
CU-2019-SDT299,1
AB-2020-MM896,1
TO-2020-EAS709,1
AB-2019-GAP749,0
AB-2019-MCV885,0
CR-2019-GPA991,0
CU-2020-CC830,1
AB-2019-TRA413,1
TO-2020-XMG063,0
CU-2020-CC233,0
CR-2019-ER277,0
CR-2019-TPV185,1
AB-2020-TEE416,0
AB-2019-FH849,0
CU-2020-DMS511,1
CR-2019-FTD760,1
AB-2019-MGG557,0
TO-2019-FI738,0
AB-2019-MR950,1
CR-2019-VDC402,0
CR-2020-JMB947,0
TO-2019-PNM876,0
AB-2019-MLT011,0
TO-2020-EC548,0
AB-2020-ZAT572,1
TO-2019-LVB111,0
AB-2019-TPM485,0
CR-2020-CVP088,0
TO-2020-MCP019,1
CR-2019-AT076,0
TO-2020-FDA672,0
AB-2019-MVM204,0
CR-2019-CLD118,0
AB-2019-CVH784,0
TO-2020-MPB837,0
AB-2019-NS935,1
AB-2019-OVB226,0
TO-2020-CSO406,0
TO-2020-MRA123,0
TO-2019-IJV278,0
AB-2019-AML860,0
TO-2019-AGP143,1
AB-2020-ELA661,0
CR-2019-FD905,0
AB-2020-JCV007,0
AB-2019-JCT831,0
AB-2019-MDC523,0
CU-2019-RDC508,0
TO-2020-ÚRS497,1
TO-2019-AMR039,1
AB-2019-TIC633,0
CR-2019-MSH913,0
CR-2020-CED801,0
CR-2019-ERA689,1
TO-2020-TCC217,1
TO-2019-DTQ549,0
CR-2020-JIJ347,0
CR-2020-GBR399,0
AB-2019-RSB332,1
AB-2020-MBC290,0
AB-2019-VRV168,0
TO-2020-CVS047,0
CR-2020-GSG847,0
CR-2020-APP576,0
AB-2020-DIF954,0
AB-2020-JCP106,0
AB-2020-DÁN919,1
CR-2019-GHM298,0
AB-2019-FAP266,0
CU-2020-GPC495,1
CR-2020-LP792,1
TO-2020-VDA500,0
TO-2019-DVM970,1
TO-2019-SFM438,0
AB-2019-JGC511,0
TO-2020-PRH353,1
CR-2019-AAB249,0
TO-2019-MAC284,0
CU-2019-WAS605,0
AB-2020-JDR164,0
CR-2020-LLC027,1
CR-2020-AVP466,0
TO-2020-MMF613,0
CR-2019-ACC329,0
TO-2019-DCT076,1
AB-2019-CCR802,1
CU-2020-HSR246,0
CR-2019-AMV343,0
TO-2019-DB042,1
CU-2019-AR104,0
TO-2019-CSB759,1
CU-2020-BAP657,1
TO-2019-CCT472,0
AB-2019-FIA636,0
TO-2019-RRP733,0
CU-2019-EDA339,0
AB-2020-ML770,0
AB-2020-JDB407,1
CR-2020-ABA229,0
CU-2020-ET764,0
AB-2020-AOM253,0
TO-2020-AEF821,0
AB-2020-FLM986,0
CU-2020-RVC725,1
AB-2020-BGD521,0
TO-2019-FC652,0
TO-2019-ÁUC069,0
TO-2020-ALV114,1
AB-2019-MM243,0
AB-2020-DH031,1
CR-2019-ERA634,0
AB-2019-BDP267,1
CR-2020-FMG051,1
TO-2019-ÁSB498,1
AB-2019-FTP647,0
TO-2020-FC293,0
TO-2019-MLA820,0
AB-2020-MP389,0
TO-2020-MBC945,0
AB-2020-RPJ259,0
AB-2019-FAV274,0
AB-2019-HM495,0
AB-2020-CTV804,0
CR-2020-FC056,0
TO-2019-DP850,0
TO-2019-JS925,0
TO-2019-CCR189,0
CR-2019-VCV670,0
AB-2020-OEA245,0
CR-2020-EBC868,0
CU-2020-NB851,0
CR-2019-CBM520,0
AB-2020-ÚCG490,0
TO-2019-AO654,1
TO-2019-JM793,0
CR-2019-CRI025,0
CR-2020-ECG705,1
CU-2020-ACB796,1
CU-2020-CA379,0
TO-2019-JEF396,0
AB-2020-SDC454,0
TO-2019-SAH478,0
AB-2020-RRB815,0
TO-2020-MSB732,1
TO-2020-MMR877,1
CU-2020-AV001,1
AB-2019-EAA702,0
AB-2019-EEY856,0
AB-2020-CFV682,1
AB-2020-ZRE119,1
TO-2019-ESF536,0
AB-2019-CDT436,0
AB-2020-JPA920,0
CU-2020-ÁDS737,0
TO-2020-DSM248,1
CR-2019-RCM855,0
CR-2020-MTN645,0
CU-2020-IAC053,0
AB-2020-RS801,0
AB-2019-FRG792,1
CR-2019-PD171,1
TO-2020-FHA228,0
CR-2020-VB109,0
TO-2019-DAM350,0
TO-2019-ABM003,0
CR-2020-RPC847,0
AB-2020-MDA871,0
CR-2019-AMC167,1
AB-2020-PEC335,0
TO-2019-LBG906,0
TO-2019-MN453,1
TO-2020-TB519,0
TO-2020-CIA662,0
CR-2019-CPT435,0
TO-2019-DGF121,0
CR-2020-SCP702,1
TO-2020-CCC502,1
TO-2020-VCR370,1
AB-2020-ADE326,1
CR-2019-CCS104,1
TO-2019-CP729,0
CU-2019-MLE700,0
AB-2019-PHG613,0
CU-2019-ONG829,1
AB-2019-ACV068,0
CR-2019-RPA171,0
CR-2019-NLQ419,1
AB-2019-PRM616,1
CR-2020-AEA042,0
AB-2019-MA172,1
AB-2019-ICM175,0
AB-2020-GDF650,1
CR-2020-CU117,0
TO-2020-NBR178,0
CR-2020-JCE395,1
CU-2020-JS364,0
AB-2020-THC817,0
CR-2019-DSB036,0
AB-2020-AOE212,0
CR-2020-FSA565,0
AB-2020-MC262,0
CU-2020-JPC446,0
TO-2019-RDM176,0
AB-2020-CCS675,1
CU-2020-VRO532,0
TO-2019-NO884,1
TO-2020-IAO094,1
CR-2020-TCG097,1
CR-2020-VTS934,0
AB-2020-JLT591,0
CR-2019-SBP698,0
TO-2019-GNR410,0
AB-2019-BCM026,0
TO-2020-MJA764,0
AB-2020-JPG045,0
CR-2019-EVL726,1
CR-2020-NHG730,1
TO-2019-EI230,0
CU-2019-ICR832,0
AB-2020-APM417,1
TO-2019-MRM164,0
AB-2020-TAM010,0
AB-2020-JVC060,0
TO-2020-RJL321,0
TO-2020-BDG090,1
TO-2020-CVQ072,0
AB-2019-HB916,0
AB-2019-CP053,0
AB-2020-RP333,0
TO-2019-LFP372,0
TO-2020-LVP856,1
TO-2020-CVB937,0
TO-2019-EMA406,0
CR-2020-SNA268,0
AB-2019-JPF880,1
TO-2019-PFM799,1
CR-2020-MDA506,0
CR-2020-ALA010,0
CR-2020-BCC347,0
CR-2020-CCC423,1
CU-2020-FBV185,1
CR-2019-RMB422,1
CR-2019-PDM837,0
CR-2020-GGP079,0
TO-2020-AP415,0
CR-2020-PCM372,0
CR-2019-AZC513,0
AB-2020-ADR139,0
TO-2020-MJT982,0
CR-2020-ADB411,1
CR-2020-PR711,0
CU-2019-FC835,0
TO-2020-TDM733,1
TO-2019-EOB811,0
TO-2020-MM423,0
CR-2019-CVP305,0
CU-2019-NGH058,0
TO-2020-MPB989,0
TO-2020-EDN863,1
CR-2019-TSN227,0
AB-2020-IBN763,0
TO-2019-GAP694,0
AB-2019-RC057,0
CU-2019-MAV419,1
TO-2020-CF666,1
CR-2019-ELF307,0
TO-2019-RPL670,0
AB-2019-AA424,0
CR-2019-JMA088,0
CR-2020-MTP218,0
TO-2020-MPF567,0
TO-2020-RRF620,0
AB-2019-GAB061,1
AB-2020-NGR029,0
CU-2019-LVC408,0
CU-2019-MJS381,0
TO-2019-JID654,0
AB-2020-BQR308,1
TO-2020-NA994,0
TO-2020-HPA653,0
CR-2019-EN294,0
CR-2020-CSC164,0
CU-2020-SDL795,1
TO-2020-JTC404,1
TO-2019-JOC398,0
AB-2019-ALG750,0
TO-2020-CGB950,1
TO-2019-EM014,0
AB-2020-AMM669,0
AB-2020-ADL648,0
TO-2019-QPF421,1
CR-2019-RGN383,1
CR-2019-CCA706,1
CR-2019-TF192,0
TO-2020-ASC500,0
TO-2020-FIE674,0
TO-2019-OCS446,0
CR-2019-HVB416,0
AB-2019-MMC114,1
AB-2019-JBF679,1
TO-2019-CNR186,0
CU-2020-MR411,0
AB-2019-EPF436,0
AB-2019-LCA199,0
TO-2019-MMM459,0
CR-2020-EFR418,0
AB-2020-CA429,0
TO-2019-ARA658,0
TO-2020-RIR713,1
TO-2020-JÁL458,0
TO-2019-EBB616,0
TO-2020-CA550,0
CR-2020-ATP418,0
TO-2020-GLP721,1
TO-2019-SDV759,0
AB-2019-CAM241,1
CR-2020-PIF292,0
AB-2020-YL416,1
TO-2020-APR315,1
AB-2020-FTR619,0
AB-2019-EPM140,0
AB-2020-DDG603,0
AB-2019-EGA738,1
TO-2019-LAO271,1
CR-2019-VMM012,0
CR-2020-OS167,0
TO-2019-MP169,0
AB-2020-DMR678,0
CR-2020-GGL242,1
CR-2019-VDT077,1
AB-2019-EF664,0
TO-2019-APF815,0
CR-2019-ISR336,0
CR-2020-EM533,0
AB-2020-ABS090,1
TO-2020-MDT320,0
CU-2020-LDC273,1
CR-2020-RML248,1
TO-2020-NEM865,0
TO-2020-RVG434,0
TO-2019-NBC351,0
CR-2019-PEA087,0
AB-2020-GMG570,0
AB-2019-HNJ025,1
AB-2019-LAC594,0
CR-2020-TER902,0
AB-2019-LLT658,0
TO-2020-EDA287,0
CR-2020-CRC321,0
TO-2020-AGR383,0
CR-2019-BEA922,0
CU-2020-MN726,1
AB-2020-GT467,0
CU-2019-CAT470,0
CU-2020-MCA727,1
AB-2019-LRN147,0
TO-2019-EMM676,0
CU-2019-ABD164,0
TO-2020-CDL259,0
AB-2019-DXC767,0
AB-2019-CN716,0
CR-2020-LS630,0
CU-2019-FDM466,0
AB-2020-RMS856,0
CR-2020-MBP913,0
TO-2020-JO985,0
CU-2020-AM714,0
AB-2019-JL590,1
TO-2019-AFM727,0
TO-2019-CCI154,0
CU-2019-IAA602,1
AB-2019-LNV716,0
CR-2019-IP607,1
CR-2019-RMO838,1
AB-2020-AR546,1
AB-2019-EP372,1
CR-2019-SN326,0
AB-2019-JQL286,0
TO-2019-MÚA529,1
AB-2019-IS277,0
AB-2020-CMS392,1
TO-2020-HGA540,0
AB-2019-PEP235,1
AB-2019-BFF569,1
AB-2020-ZIA467,0
TO-2019-MAR700,0
TO-2019-MGC390,0
TO-2020-XGN178,1
TO-2019-GAR054,1
TO-2019-LBF398,1
AB-2019-RC066,1
AB-2020-GDS163,0
TO-2019-MQF581,0
TO-2019-MB418,0
CR-2019-AVR076,0
TO-2019-MAC415,0
TO-2019-BAC067,0
TO-2019-RGB271,0
AB-2020-RCC144,0
CU-2020-PA988,0
CR-2020-CLR028,1
AB-2020-TBF243,0
AB-2019-LGM932,0
CR-2020-NNN353,0
CU-2020-LMT308,0
AB-2019-AAB135,1
CR-2019-FFF393,1
AB-2020-TO638,0
AB-2020-IGS899,0
TO-2019-ADM749,0
TO-2020-BDM484,1
AB-2020-NB437,0
CR-2020-GDU245,0
CR-2019-TDS946,0
CU-2020-ATA296,0
TO-2019-DP457,0
CU-2020-MA390,1
TO-2020-MÁB979,0
CU-2020-PAM441,0
AB-2019-QPC741,1
AB-2019-VPA746,0
CU-2019-ÁJL370,0
CR-2020-ANN721,0
CU-2019-RÍB031,1
CR-2020-GFA553,0
AB-2019-MDS640,1
TO-2019-NFV343,0
CR-2020-JVS360,0
AB-2019-JMB313,0
AB-2019-AAA571,1
TO-2019-FLH207,0
AB-2020-AQT735,0
CR-2019-CMA220,0
TO-2020-CDF223,1
CU-2019-AVG607,1
TO-2020-SP038,0
CR-2020-YAO437,0
AB-2020-PVB138,0
CR-2019-EDG521,0
CU-2020-EC573,0
TO-2020-RBA493,0
CR-2019-JA866,1
AB-2019-SC618,0
CR-2020-LI615,1
CU-2019-EJE318,0
AB-2019-ÓMB059,0
CU-2020-BRG073,0
CR-2020-PVA189,0
AB-2020-CDS646,1
TO-2019-MGG375,0
AB-2019-NBS199,0
AB-2020-ZDP179,0
TO-2019-MCF256,0
TO-2019-SCM196,0
AB-2020-NSG013,0
TO-2019-RTE886,0
AB-2019-LCS735,0
CR-2019-SMC306,0
CR-2019-ÓSF785,0
TO-2019-LEA212,1
TO-2020-MHV963,0
TO-2019-VIJ438,0
CR-2020-NB316,0
CR-2019-HGA133,1
TO-2020-JM488,0
TO-2020-APE769,0
CR-2019-PN289,0
AB-2019-TGT926,1
TO-2019-FFM399,0
CR-2020-CF476,1
CR-2019-CPS388,0
CU-2019-IJS055,0
CR-2020-AMM433,0
CU-2019-IV739,0
TO-2019-EBC408,0
TO-2020-LRV208,0
CR-2019-SBP339,0
TO-2020-DEM566,1
AB-2019-VRE578,0
AB-2019-MJR617,1
CR-2020-LJG282,0
AB-2020-MJP428,1
CU-2020-RTH436,0
AB-2019-MMM204,0
TO-2020-RFM215,0
TO-2019-PR095,1
AB-2020-AV188,0
TO-2020-ÁCP138,0
TO-2019-BDC463,0
AB-2020-PRC527,0
CR-2019-JRO135,0
TO-2019-ZEG615,0
TO-2020-EPV477,0
CR-2019-PPM519,0
CR-2020-GHF567,1
CU-2019-BRC296,0
CU-2020-JDC425,1
TO-2020-EP635,0
TO-2019-RAC647,0
CU-2019-DAM270,0
TO-2019-BPS880,0
TO-2020-MLE971,1
AB-2020-ASG730,0
TO-2020-MCB500,0
CU-2020-AFS940,0
AB-2020-DDC554,1
TO-2019-FSO345,0
TO-2019-VGC464,0
TO-2020-MYM268,1
TO-2020-MAV380,0
AB-2019-CDC646,0
AB-2020-NJM839,0
CR-2020-IAC000,0
TO-2020-ECQ144,0
AB-2019-AAP194,1
CU-2020-OCF805,0
AB-2019-AG273,1
CR-2019-JGR076,0
TO-2020-ACV498,0
AB-2019-HPC674,0
AB-2020-CDP212,0
AB-2019-RAS859,1
AB-2019-HDA550,1
TO-2019-MA689,1
TO-2019-XRS432,1
AB-2020-ABC640,0
CU-2020-HDT878,0
TO-2019-FP971,1
CU-2019-FJV090,1
AB-2020-EVI324,0
CU-2020-TCÁ840,1
CU-2020-AVS066,0
TO-2020-ETG133,1
AB-2019-LCC088,1
TO-2020-TQE654,0
CR-2020-PI892,0
CR-2019-TOG792,1
CR-2020-NSG853,0
AB-2020-JCT938,1
AB-2019-ESA434,0
CR-2019-BRB569,0
TO-2019-PDB391,0
CR-2020-JMA762,1
TO-2020-DRC428,1
CU-2019-ADH554,0
CU-2020-FGC040,0
TO-2019-VCR217,0
CR-2019-PAM154,1
TO-2019-APM516,0
CR-2019-AG386,0
AB-2020-CGB241,0
TO-2020-JL409,0
CR-2020-LCP020,0
CU-2020-AS678,0
CU-2020-LA388,0
CR-2019-HAM223,0
AB-2020-NAR102,0
CR-2020-SLF253,0
AB-2019-ABR736,0
AB-2020-SGT870,0
AB-2019-AMV381,0
TO-2020-PNB465,0
CR-2019-NAT888,1
TO-2019-IBS165,0
TO-2020-TDM655,0
TO-2019-CCL692,1
AB-2019-AD901,1
AB-2019-SJZ956,0
CU-2020-RHP778,1
TO-2019-FAS630,0
CR-2020-FCR561,0
TO-2020-EV382,0
CU-2019-CC796,0
AB-2019-DBB638,1
CR-2020-EEC336,0
TO-2019-EGC953,0
CU-2019-IGP606,0
TO-2020-NSC211,0
CR-2019-MSC905,0
CU-2020-MRC963,1
CR-2020-FJ441,0
CR-2020-PR315,0
CR-2019-EP086,0
TO-2020-DC454,0
TO-2019-FBV218,0
CU-2020-VDB182,0
TO-2019-SB050,1
TO-2020-PC284,1
TO-2019-MFN027,0
CR-2020-RS687,1
TO-2020-EDM408,0
CU-2019-AI047,1
AB-2019-PA968,0
TO-2020-JJB988,0
AB-2019-BLA857,1
AB-2020-GTP968,0
TO-2020-LGA515,0
CR-2019-LPA263,0
TO-2019-DRE224,1
AB-2019-AN091,1
CU-2019-RAF979,0
AB-2020-VCR318,0
TO-2020-LV317,0
TO-2020-BCA850,1
CU-2020-MVM595,1
CU-2019-PCL218,1
CR-2020-BBC157,0
AB-2020-LFE263,0
CR-2019-ATL437,1
AB-2019-PB238,1
TO-2019-DB586,1
AB-2020-EÁV474,0
CR-2019-XSB418,1
CR-2019-AL665,1
CR-2019-PAT578,0
CR-2020-MPZ630,0
CR-2020-PM327,0
TO-2020-RPR845,1
AB-2020-EP559,0
CR-2019-RCB560,0
CU-2019-AÁI403,0
AB-2019-TDB782,0
TO-2019-IDA202,0
CR-2020-MOP950,0
CR-2019-FMG547,0
CR-2019-JRS249,1
CR-2020-WDJ056,0
CU-2020-ALP887,0
CU-2020-ALO923,1
TO-2019-PPH096,0
TO-2019-SDJ522,0
CR-2020-HAO294,0
TO-2019-MDA917,0
TO-2019-MBS525,1
CR-2019-FMM130,0
CR-2020-EJB906,1
CR-2020-JAB511,0
AB-2019-BP418,0
CR-2019-BBC656,0
AB-2020-ECV009,0
CU-2020-LDR350,1
AB-2019-MCS533,0
TO-2020-RC760,0
TO-2020-VLL975,0
TO-2020-ZP491,0
CU-2019-BCC614,0
TO-2020-IJG513,0
AB-2019-TSB610,1
AB-2020-AOP933,0
CU-2020-EG003,0
CR-2019-MBH062,0
TO-2019-TE357,0
CR-2019-TDB379,1
TO-2020-UBB194,0
CU-2020-AM508,0
CR-2019-GBH042,0
TO-2019-WAV162,0
TO-2019-END925,1
CU-2019-AEO268,0
TO-2020-ADT187,0
CU-2019-TAS402,1
CR-2020-AVY598,1
CR-2019-CAM312,1
AB-2019-FRV323,1
AB-2020-PZP103,1
TO-2020-ABA095,0
TO-2020-CFB205,1
CR-2020-SDR063,1
CU-2019-EML319,0
CU-2020-NB276,0
CR-2019-AMV498,1
TO-2019-SDC446,0
AB-2020-ÍAA079,0
AB-2020-AR992,1
AB-2020-VDB614,0
CR-2019-SC595,0
TO-2020-PDA515,0
TO-2019-AYS245,1
TO-2019-CSH559,0
CR-2019-LUP828,0
CU-2020-CCE796,1
CR-2020-LV479,1
TO-2019-ADM698,0
AB-2019-HVT535,0
CR-2020-FDR789,0
TO-2020-HTE859,0
CR-2020-FPT662,0
TO-2019-PSO172,1
TO-2019-RR031,0
CR-2020-ATD171,0
AB-2019-GAV245,0
TO-2020-APA481,1
TO-2020-ME059,0
AB-2019-NAS192,0
CU-2020-JR240,0
TO-2019-JFS779,0
CR-2019-ODC798,0
CR-2020-SRB677,0
CR-2019-GG859,0
AB-2019-ALR789,0
AB-2020-PAA824,1
AB-2019-BCR968,0
CR-2020-MV733,1
AB-2019-EAS121,1
CR-2019-ATC013,1
TO-2020-DLR387,0
CU-2019-CR077,0
CU-2019-CGM579,0
TO-2019-GA025,0
TO-2020-WDB781,0
AB-2019-MÁB553,0
AB-2020-JTL593,0
CR-2019-JCA167,1
AB-2019-ÉAO026,0
CR-2019-APB426,0
CR-2019-FBA183,0
TO-2020-MPR047,0
AB-2019-CCM123,1
AB-2020-TZ411,0
CR-2020-NFP642,0
AB-2019-FCM509,0
CU-2019-ACP321,0
AB-2020-NGG418,0
CR-2019-SAB424,0
AB-2020-PH969,0
TO-2020-ADB853,1
CU-2019-BDT128,0
TO-2019-DAF105,0
TO-2020-JDC336,0
AB-2019-NCS858,0
TO-2019-LOB120,1
TO-2020-ECL073,1
CR-2020-MCA562,1
AB-2020-BMA712,0
TO-2020-TG027,0
CR-2020-TTQ562,0
AB-2020-MF265,1
CR-2020-MBR772,0
CR-2019-YMM088,0
CR-2020-GC777,0
AB-2020-FEO765,0
CR-2019-VAA156,0
CR-2020-CZF948,1
AB-2019-NBA629,1
CR-2019-ATV911,0
CU-2019-VSP568,0
CR-2019-AMC342,0
TO-2019-MGT256,0
AB-2020-MV622,1
CR-2019-DCP704,0
AB-2019-MMN483,0
CR-2019-RBC028,1
TO-2020-MQI318,0
CU-2020-AAT578,0
TO-2019-IMA262,0
CR-2020-NRV193,0
CR-2020-BCL815,1
TO-2020-SLA892,0
CR-2019-CT780,0
CR-2020-CBV794,0
CU-2020-PLS141,0
AB-2019-POO622,0
TO-2019-CVC940,0
CU-2019-SVL831,0
CR-2019-JBM161,1
CU-2020-MPC695,1
CR-2019-ACA576,0
AB-2019-PTC940,0
TO-2020-AC709,0
CU-2019-MPR936,0
TO-2020-ASP611,0
AB-2019-NCN223,0
AB-2019-NEL106,0
CR-2020-CRT820,0
TO-2019-MYR921,0
CR-2019-MBR751,1
TO-2019-CMA492,1
CR-2020-NLI743,0
TO-2019-SMA344,0
TO-2019-CLI550,1
TO-2020-RAD851,1
CR-2020-AEA128,0
AB-2019-TM545,0
TO-2020-CB682,1
CR-2020-HAL127,0
TO-2020-EMS336,0
AB-2019-ADZ185,1
TO-2019-ODJ151,0
AB-2020-JCB087,0
AB-2020-ALV000,1
CU-2020-MP301,0
CR-2019-DGP216,0
AB-2019-GAG717,0
CU-2019-OC012,0
TO-2020-NMP756,1
TO-2020-SCR739,0
TO-2020-CDC660,0
CR-2020-PAR485,0
AB-2019-SN932,0
TO-2019-VGS031,0
CR-2020-FBS915,0
CR-2019-NGL218,1
CU-2020-EMC038,0
CR-2019-FCR903,0
TO-2020-NAA386,1
CR-2019-GS314,1
CR-2020-SVM130,0
TO-2019-ACP752,0
CU-2020-LCA572,1
TO-2020-JG883,1
CR-2020-EQF922,0
AB-2020-JCL956,0
AB-2019-NBM149,0
TO-2019-IE411,0
CR-2019-RGL151,0
TO-2019-VBT459,1
CR-2020-ASC950,1
CR-2019-EGG173,0
AB-2020-ÍBH993,0
AB-2020-PP019,0
TO-2020-RSJ011,0
CR-2020-JME507,0
AB-2020-DM632,0
AB-2020-RP956,0
CR-2020-JR949,0
CR-2020-BMA577,1
TO-2019-CCG697,0
CU-2019-EVC134,1
CU-2020-CIA870,0
TO-2019-PTP316,0
AB-2020-VMP172,0
CR-2019-DDC110,0
AB-2020-CTA702,1
AB-2019-AVT902,1
CR-2019-RLL621,1
CR-2019-AVT671,0
CR-2019-RDR285,0
AB-2020-AM873,0
TO-2019-EBV604,0
AB-2019-AP072,0
AB-2019-ADC819,0
AB-2019-LCF759,1
CR-2020-PBC453,0
AB-2019-JBH220,1
CU-2020-LRG746,0
AB-2019-ESR458,0
CR-2020-SSM235,0
AB-2019-PC186,0
CU-2019-MGM916,0
TO-2019-ARP276,0
CR-2019-MBS413,0
AB-2020-XRJ740,0
CR-2020-GSA931,0
CR-2019-VDC237,1
TO-2020-EO629,0
CR-2019-SGC371,1
AB-2019-LFV755,0
CU-2019-JDA616,0
AB-2019-MA433,0
AB-2020-FTV932,0
AB-2020-LPJ701,0
AB-2019-IE599,1
CR-2019-RA554,0
CU-2019-AB063,0
TO-2019-CR432,0
TO-2020-BDA985,0
CU-2019-EJA060,0
AB-2020-ECC421,0
AB-2019-JAD269,0
CU-2019-RST903,1
TO-2019-BDR781,0
CR-2020-FJA329,0
CU-2019-WB380,1
TO-2020-ÁCS425,0
CU-2020-TCM552,0
CR-2020-JCA445,0
CR-2019-LDM710,1
AB-2019-EAS531,0
AB-2020-JGQ719,1
AB-2019-IMA476,1
AB-2019-AJ788,0
AB-2020-CSR438,1
CU-2019-AME297,1
AB-2019-EP198,0
TO-2019-PM521,1
AB-2019-RCR530,1
AB-2019-EA805,0
CR-2020-DDL072,0
CR-2019-RBL521,0
TO-2019-MB857,0
AB-2020-FAM446,0
AB-2020-MVA003,0
AB-2020-AE912,0
AB-2019-RS783,0
AB-2020-SB790,1
AB-2020-GAT692,0
TO-2020-MBM423,0
CU-2019-PLA824,0
TO-2020-GCB950,0
TO-2020-ACC893,0
AB-2020-PGL669,0
TO-2019-JMM669,1
TO-2020-VDS195,0
TO-2019-SP051,1
CU-2020-LPP339,0
AB-2020-FDA164,0
TO-2020-PS177,0
TO-2020-NDY848,0
TO-2019-NCT110,1
TO-2020-FAE011,0
TO-2020-EGA175,0
AB-2019-AT426,0
CR-2019-MPJ583,0
TO-2019-TEC640,0
AB-2020-MA701,1
CU-2020-CA666,0
CU-2020-AF074,0
AB-2020-HR261,0
CU-2019-MMV431,1
AB-2019-EBB930,1
TO-2020-ACP458,0
CR-2019-JAM623,1
AB-2019-TDV299,0
CR-2020-PP391,0
CR-2019-LT913,1
CR-2020-PH850,1
AB-2019-DCD942,1
TO-2019-AMR152,1
CU-2020-DP183,0
CR-2020-ACP490,0
AB-2020-OP813,0
TO-2020-EAB144,0
CR-2019-ABL087,1
AB-2019-JAS999,0
TO-2019-TM525,0
AB-2020-GV441,0
CR-2019-MML058,0
TO-2020-HBP279,0
CR-2020-LCN149,0
AB-2019-AA561,1
CU-2020-EJ186,0
CU-2020-JJH784,1
CU-2019-MCI653,0
CR-2020-IDM427,0
CR-2020-CGT600,0
CU-2019-MDB939,0
CR-2019-VGA788,1
TO-2019-EMT291,0
CU-2020-VSG668,1
CR-2020-EOB515,0
TO-2019-IOB357,1
CR-2019-HA579,1
CR-2019-PCD250,0
CR-2019-GCA820,1
TO-2020-LSV609,1
TO-2020-ÉAV732,0
TO-2020-DAA747,1
TO-2020-JR459,0
AB-2019-AFH402,0
CR-2020-AVB203,0
AB-2020-SIC886,1
CR-2020-TDA228,0
TO-2020-TMZ570,0
CR-2019-LDR653,0
TO-2020-RDF022,1
CR-2020-AVL734,1
AB-2019-LPL078,0
CR-2019-FCP166,0
TO-2020-JES983,0
TO-2020-PDV716,0
CR-2020-BAZ690,1
CR-2020-AMF006,0
AB-2019-CDA253,1
CU-2020-APG041,1
CU-2019-CFL454,0
CU-2019-FLÁ712,1
TO-2020-BCV167,0
CR-2019-FVZ026,1
AB-2019-EN191,0
TO-2019-PAN481,0
TO-2019-DBM268,0
TO-2019-RBR355,0
TO-2020-YPR271,0
CR-2020-PSM504,1
CR-2020-TCA201,0
CU-2019-JAB848,0
AB-2019-DC663,1
TO-2020-MPT759,0
AB-2020-CPC255,0
CU-2020-TJA538,0
CU-2020-MMP554,0
TO-2020-CGA169,0
AB-2020-MB941,0
CR-2019-CDA202,0
TO-2019-VME780,1
TO-2019-JÁC900,0
AB-2019-SVZ035,0
CU-2019-NDS855,0
CR-2019-CRV631,1
TO-2019-ST099,1
CU-2020-BOG495,0
CR-2019-OV978,0
TO-2019-MRR017,0
AB-2020-SR553,1
AB-2020-MDC449,1
CR-2020-PPT086,0
CR-2020-CDP731,0
CR-2020-NF543,0
CU-2019-ACM145,0
CU-2020-MAC204,0
CR-2019-TAL570,0
AB-2020-CCB840,0
AB-2020-DGM682,0
CR-2019-DV454,1
AB-2020-GFV004,0
TO-2020-FDD300,0
CR-2019-EPC320,1
CR-2019-RMP989,0
CU-2020-LAA337,1
AB-2020-ACL061,0
TO-2020-VBS799,0
AB-2020-ARM006,0
CR-2020-FCN059,0
TO-2020-AJA912,1
CR-2019-ADP458,0
TO-2020-EM676,0
CR-2019-AV935,0
TO-2019-ELV444,0
CR-2020-RCT631,0
CR-2019-BV390,1
CU-2020-ÚBT379,0
CR-2019-ET557,0
CR-2020-FBE771,1
CR-2020-JC501,0
CU-2020-VCL930,0
CR-2019-ODS753,0
TO-2020-ADV350,1
AB-2020-IR553,0
TO-2019-CLC941,0
CU-2020-TSS436,0
CR-2020-AGB615,0
CU-2020-IDD455,1
TO-2019-RBC075,0
AB-2020-PDB453,0
CU-2019-MCT633,0
CU-2019-RSA481,0
TO-2020-FM242,0
AB-2020-ÁRM863,0
CR-2019-CDS488,0
AB-2019-BDR500,0
TO-2019-ÍCH894,0
TO-2020-OA430,0
CR-2019-PÁN715,0
CR-2020-JAF139,0
AB-2020-MTM909,0
TO-2020-DCR086,1
AB-2020-EP097,0
AB-2019-CDT446,0
TO-2020-SGB323,1
CR-2020-OVC166,1
AB-2019-BBA748,0
CR-2019-PMO958,0
AB-2020-MDL221,1
AB-2020-ASC717,0
CR-2019-CM282,1
AB-2020-VB935,1
AB-2020-ITM129,0
AB-2020-GBP431,0
AB-2019-MC299,0
CR-2020-AAB719,0
CR-2020-JDL973,1
TO-2020-CM669,0
TO-2019-TLP580,1
CR-2020-DU134,0
AB-2020-AVÁ012,0
AB-2020-ANS470,1
TO-2019-NDR510,1
CR-2020-CGB361,0
TO-2019-VLP493,0
TO-2019-UC349,0
TO-2019-AGS444,0
TO-2020-VRÁ928,1
CR-2019-GAB980,0
CU-2019-VLP483,1
TO-2020-MP150,1
TO-2020-BDG444,1
CR-2019-NPB094,0
TO-2020-CNT838,0
CU-2020-TES699,0
CR-2020-ADL112,1
TO-2019-PBP300,0
TO-2020-CDS858,0
AB-2020-PBY445,0
AB-2020-MAM274,0
AB-2020-CCS571,0
AB-2020-PSG183,0
CR-2020-BSV373,1
TO-2020-CRA704,1
CR-2020-AZR947,0
TO-2020-MMI876,0
CU-2019-MÁG112,0
TO-2019-ICS890,1
AB-2020-XHT516,0
AB-2019-JFI306,0
CR-2020-TTC030,1
CR-2019-LV584,1
TO-2020-OA599,1
AB-2019-DAZ150,1
AB-2020-CLA221,0
AB-2020-JVC493,1
TO-2019-GRÁ053,0
TO-2020-MDH129,0
TO-2020-BVR079,1
TO-2019-SFP017,0
CU-2019-PBV353,1
AB-2019-JDG862,0
TO-2019-EAE589,0
CR-2019-JFP414,0
TO-2020-AO521,1
AB-2019-RCM101,1
CR-2019-MTN085,0
CR-2020-FR551,0
CR-2019-OBB769,1
AB-2019-RVT441,1
TO-2019-XPG756,0
TO-2019-TGC999,0
TO-2019-CDA222,1
CR-2019-BUG627,1
CR-2020-ECT074,0
CR-2019-FMA920,0
CU-2020-BHU897,0
TO-2020-SJO012,0
TO-2019-JBV915,0
CR-2020-GCF489,1
TO-2019-PCL892,1
TO-2019-JSV940,0
AB-2019-CEA256,0
CR-2020-BSC368,0
TO-2020-EAA729,0
TO-2019-KPA419,0
CR-2020-APL209,0
TO-2019-LBS819,0
CR-2019-CPC060,0
CR-2019-MFP939,0
CR-2020-MLC525,1
TO-2020-RDT342,0
CR-2019-MRP880,0
AB-2020-BML070,0
TO-2019-LDH394,0
CU-2020-MLD088,1
AB-2020-EAH275,0
AB-2019-FSM744,0
AB-2020-GUC729,0
AB-2020-RTH105,0
CR-2019-FDC811,0
TO-2020-LCM522,1
CR-2020-MV932,0
AB-2020-NVH848,1
CR-2020-PRN680,0
AB-2020-AUC566,0
CR-2020-PLÁ246,0
AB-2020-DAT302,0
AB-2019-LDS635,0
CU-2020-ORG435,0
CR-2020-MCM371,0
CU-2019-MBS782,1
TO-2019-ECB564,1
AB-2020-AEP704,0
CR-2019-BVR102,0
TO-2019-PP282,0
TO-2019-RA268,0
CR-2020-CM051,0
CR-2019-DMH230,0
CR-2019-JMG782,1
CR-2019-EM372,0
TO-2019-JJG944,0
AB-2019-EFO921,0
TO-2020-MSH456,0
CR-2020-IGB528,1
TO-2019-ER019,0
CR-2019-JVA154,0
CU-2019-RPV482,0
AB-2019-EFA265,1
CR-2019-AGR666,0
AB-2020-PAP639,0
CR-2020-AJC354,0
TO-2019-CMP958,1
TO-2019-CPF818,1
CU-2020-FBR832,1
AB-2020-OC478,1
TO-2019-RM779,0
TO-2020-JC949,0
CU-2020-MRJ995,0
CR-2020-JP885,0
TO-2019-JAB078,0
AB-2019-AAN343,1
CR-2020-OGP052,0
CU-2019-CRG178,1
TO-2019-SSB389,1
TO-2020-GVR564,0
CU-2019-RVB402,0
AB-2020-FMV126,0
CU-2020-MGC251,1
TO-2019-ASS598,1
CU-2020-LBC457,0
CR-2020-SH342,0
CR-2020-EAS342,0
TO-2020-MSL343,1
CR-2020-JBD780,1
AB-2020-MMC272,1
CR-2020-JGH034,0
CU-2019-AM756,1
TO-2020-AAP190,0
TO-2019-YLG540,1
CR-2020-RCA419,0
AB-2019-MPH822,0
AB-2020-PDC114,1
CR-2020-DSV419,1
TO-2020-SET363,1
TO-2019-ICS069,1
TO-2020-FDM573,1
CU-2020-ALC322,1
AB-2019-GVG823,1
CU-2020-MSC449,0
CR-2019-FEC907,1
AB-2019-JMP494,1
CR-2020-JMP237,0
AB-2020-DP982,0
TO-2019-PS903,0
CR-2020-SMG638,1
TO-2019-VEP613,0
CR-2020-GCR479,0
CR-2020-MAT171,0
CR-2020-CM053,0
TO-2020-ADF633,0
AB-2019-JÁM800,0
CR-2020-JC544,0
TO-2019-PDL332,0
TO-2019-ANC727,1
CR-2019-HZO352,1
TO-2020-EMI592,0
CR-2020-BDR006,0
AB-2019-GGP585,0
AB-2020-MM006,0
AB-2020-BCB510,0
TO-2019-CPV018,0
AB-2019-AJS891,0
TO-2020-CMC870,1
CU-2020-JFC963,0
AB-2020-MLP483,1
AB-2020-BSC939,0
TO-2019-FDB618,0
CR-2019-DTS893,1
CR-2020-ECL719,0
CR-2020-AGP358,0
TO-2020-AUT326,0
AB-2020-MF779,0
CR-2020-ALO095,0
TO-2020-ARF458,0
AB-2019-NTO601,0
TO-2019-AVD997,0
CR-2019-MÁI973,0
CR-2020-JCN883,1
AB-2019-ADC006,0
TO-2019-CSB626,0
CU-2020-AFC936,0
CU-2019-IBC955,1
AB-2020-EEP074,0
CR-2020-RB770,1
AB-2019-JMM464,0
TO-2020-CFR861,0
AB-2019-GMM256,1
AB-2020-FDC845,0
AB-2019-MCC611,0
CU-2020-MG710,1
CR-2020-CAA919,0
AB-2019-LP172,1
TO-2020-RMH544,0
AB-2019-AA100,0
CR-2020-MPM680,0
TO-2019-EDB138,0
CR-2019-CDP078,1
TO-2020-JB767,0
CR-2019-CRP750,1
AB-2019-ZR862,0
CU-2019-CF839,0
AB-2019-FNI940,0
AB-2019-JMC419,0
CR-2019-PG253,0
CU-2020-EP338,1
AB-2019-CBT845,1
CR-2019-ICV915,0
CR-2020-MJ686,0
CR-2020-FHC992,0
CU-2019-MOL431,1
TO-2020-GRT626,0
CR-2019-AN115,0
TO-2019-VRN098,0
CU-2020-RCL951,0
TO-2019-AAG325,0
TO-2019-ICB401,0
CR-2020-JAC969,1
CU-2020-MNM273,0
CU-2020-EPM818,0
CR-2020-EEF121,0
CR-2020-JDG370,1
TO-2020-NF376,0
CR-2020-FCL840,1
CU-2020-TV121,1
TO-2019-LNR774,0
CU-2019-OSG943,0
TO-2020-ARO031,0
AB-2019-NG105,1
CU-2019-CAV213,1
CU-2019-LR803,0
CU-2019-CVB878,0
CR-2019-LRA032,0
AB-2020-MPM516,0
CU-2019-CAP258,0
TO-2020-MDG603,0
AB-2019-PVB317,0
AB-2020-ÁDL712,1
TO-2020-JIA978,0
AB-2020-MGD204,0
AB-2019-FBC106,0
CR-2019-CFB207,1
AB-2019-OPF789,0
TO-2019-LIV841,0
CR-2020-RPC664,0
AB-2019-CED191,0
AB-2019-BZS442,1
TO-2020-ECP334,0
TO-2019-JSB373,0
CR-2020-APR437,0
AB-2020-VDM910,0
TO-2020-CFN624,0
TO-2019-JGP398,1
CR-2019-ENA865,1
TO-2020-BRM878,0
CR-2019-NAF445,0
TO-2020-VBG875,1
CU-2020-RO253,0
TO-2019-AB187,1
AB-2020-EBL000,0
AB-2020-LAC740,0
AB-2020-AFA266,0
TO-2019-JC047,0
TO-2020-SC760,0
AB-2020-JSH820,1
TO-2019-MEC870,0
AB-2019-SC775,0
CU-2019-AER894,1
TO-2020-MCE801,0
TO-2019-RC358,0
TO-2019-ERB327,1
TO-2020-MEN443,0
CR-2019-JBB107,0
AB-2019-GCL397,0
TO-2019-CVC136,1
CR-2019-DPA454,0
CU-2019-JMJ666,0
CR-2020-CSG927,1
CR-2020-LMA365,0
CR-2020-ADP867,0
TO-2020-CCC478,0
CR-2019-GGV023,0
CR-2019-RBA138,1
CR-2020-RPM341,0
AB-2019-RPT843,0
CU-2019-JCS957,1
TO-2020-CTM829,0
AB-2020-JBC347,1
TO-2019-HEA818,1
TO-2019-LL885,0
CR-2020-RGL303,1
TO-2020-CDG434,1
AB-2020-RPN419,0
CR-2019-CD470,1
CR-2020-IBV143,0
CR-2019-MFC688,0
CR-2020-BSC133,1
CR-2019-CV681,0
TO-2020-CCS409,1
AB-2020-VS989,0
TO-2020-OBF667,0
CR-2020-LBE888,0
TO-2019-AAG656,0
AB-2020-AAL209,1
TO-2020-CSV852,0
CR-2019-ECS126,1
TO-2019-SP308,1
TO-2020-FHV247,0
CR-2020-JLC594,0
TO-2019-AC430,0
CR-2020-IPC666,0
TO-2019-ADA454,0
CR-2020-CCB164,1
TO-2019-ER505,0
TO-2019-SCE390,1
CR-2019-SRB783,0
AB-2020-NDL090,0
CU-2020-JMT003,0
CR-2020-AT333,0
TO-2020-BSB199,0
TO-2019-ACR758,1
CR-2020-MJ692,0
CR-2020-OCF534,1
AB-2019-IAT962,0
AB-2020-JGT300,0
CR-2019-VB022,1
AB-2019-JDG887,0
AB-2020-SEF155,1
AB-2019-EA745,0
AB-2019-JSB979,1
TO-2020-JHA661,1
CR-2019-EB247,1
CR-2019-AP310,0
CR-2019-ECC477,1
TO-2020-SBA807,1
CR-2019-JHG949,0
CU-2019-CDB891,1
CU-2019-XD279,1
TO-2019-DQC840,0
AB-2019-AIM049,0
AB-2020-AVS585,1
AB-2020-AM595,0
TO-2020-SDA720,0
CU-2020-PGS092,0
TO-2020-RA164,0
AB-2019-AGF052,1
CR-2020-NGF768,1
CU-2020-ORG684,0
CR-2020-FLE811,1
CR-2020-YDE732,0
AB-2019-ZV972,1
CU-2020-RDR076,0
TO-2019-CDR894,0
AB-2019-OMC122,1
CU-2020-CQ779,1
TO-2019-APD197,0
AB-2019-MPT898,1
AB-2019-EDL603,0
AB-2020-CSA011,1
TO-2020-GBB551,0
CR-2019-ADP684,1
CU-2019-VAT686,1
CU-2020-ARF840,0
CU-2019-ÁSC115,0
CU-2019-PAB988,0
TO-2019-TBT666,1
CU-2020-PEB693,1
TO-2020-ETB574,0
TO-2020-FMR417,0
CR-2020-MVP577,1
CR-2019-GGC053,0
TO-2020-PAM338,0
TO-2020-EMH899,0
TO-2019-AÁE303,0
TO-2020-PS654,0
TO-2020-BCP482,1
TO-2020-LCR415,0
TO-2019-NVG994,1
CR-2020-JPC677,0
AB-2019-IAD268,0
CU-2020-JMB142,0
AB-2020-FCC783,0
CU-2020-IAR568,1
TO-2020-BAG636,0
TO-2019-IFL051,0
AB-2020-NS042,0
AB-2019-CRE277,1
AB-2020-GC260,1
AB-2019-MCH247,0
TO-2020-RTM013,0
CR-2019-VOS183,0
AB-2019-VLA512,1
CU-2020-ONI052,0
TO-2020-ARS571,0
CR-2019-MA880,0
CR-2020-FDM417,0
AB-2020-JSC769,0
AB-2020-EPG392,0
AB-2019-JCT240,1
AB-2020-JMP520,1
AB-2019-IDP050,0
CR-2020-SMC907,1
AB-2020-SNV453,0
TO-2020-AHV546,1
CU-2020-MJD390,0
CU-2019-ICT783,1
CR-2020-JCD014,0
CR-2020-CCR052,0
TO-2020-MJT929,0
CU-2020-IRP232,0
TO-2020-GDG202,0
AB-2019-JBI442,0
TO-2019-BLR680,1
CR-2019-FJM389,0
AB-2020-RAB216,0
TO-2019-IRC608,0
TO-2020-ACL340,1
CU-2019-TPD432,0
AB-2020-ADU902,0
AB-2020-EMP746,0
CR-2020-AMV015,0
CR-2020-CCE364,0
AB-2020-RPA877,0
CR-2020-EMM244,1
TO-2019-MSG666,1
TO-2019-SF145,1
TO-2019-EGN645,0
CU-2020-RPA948,1
CU-2020-AAI806,0
TO-2019-ADE694,0
CU-2020-SA460,1
CR-2019-GMG583,1
CU-2020-AAC659,1
CU-2020-LLP487,0
TO-2020-MSC608,0
CR-2019-HVE699,1
CR-2019-OZB876,0
TO-2019-RDP214,0
AB-2019-FQB162,0
CU-2020-MC836,0
TO-2019-RL882,1
CR-2020-MDE952,1
AB-2020-BOS724,0
TO-2020-CJD443,0
TO-2020-CDA660,0
AB-2019-RCT009,1
AB-2020-VMB094,0
TO-2020-JFA789,1
AB-2020-LEL698,0
CR-2020-AL068,1
CR-2020-TAL235,1
TO-2020-MMG961,1
TO-2019-ÉDA019,0
AB-2019-CDV694,0
CR-2019-IG317,0
AB-2020-JPS970,1
AB-2019-LGZ569,0
TO-2020-SGE249,0
TO-2019-JAR473,0
CR-2020-HCM614,0
CR-2020-ISC977,0
CR-2019-IDI051,0
AB-2019-LBC959,0
AB-2020-BTM163,0
AB-2019-ABA688,1
AB-2020-ESI146,0
CU-2020-HCZ675,0
TO-2020-MA625,1
CR-2019-DMÁ654,1
AB-2019-EVC922,0
AB-2019-MDS561,0
AB-2020-RM438,1
TO-2020-XCA249,0
CR-2019-RF196,1
CU-2020-CMB460,0
TO-2019-NAA189,1
AB-2019-AEP430,1
TO-2019-FDR550,0
TO-2019-JRC550,0
CU-2020-PRV337,0
AB-2020-FDV094,0
AB-2020-JÁD365,0
AB-2019-JCD029,0
CR-2019-IT733,0
CU-2020-AE136,1
AB-2020-VGA248,0
CR-2020-ORG641,0
CU-2020-CAA928,1
CU-2020-ABA559,0
TO-2019-CM862,0
CR-2020-VAB032,0
CR-2019-NTC790,0
CR-2019-FDS742,0
TO-2019-DPN166,0
CR-2019-DP066,0
TO-2020-EM655,0
TO-2019-PPH962,0
AB-2019-TGC190,0
AB-2020-RDA162,1
CR-2020-AMG636,0
TO-2019-TGA204,0
TO-2020-ADM876,1
AB-2019-GE251,0
AB-2019-WLF106,0
TO-2019-ALS042,0
TO-2019-NR249,0
CU-2020-LQD714,0
CU-2020-EÁR023,0
AB-2020-TLB811,0
TO-2019-ABE732,0
AB-2020-HS573,0
CU-2019-APG842,0
TO-2019-EDC832,0
TO-2019-BAN581,1
TO-2019-BA339,0
CR-2019-EV115,0
TO-2020-ACG719,0
TO-2019-BCP437,0
AB-2020-PM758,1
TO-2019-THG189,0
CR-2020-XTM211,0
TO-2019-YSL673,0
CR-2019-PFR173,0
TO-2020-TAC241,0
AB-2020-SSM332,1
TO-2019-FSS636,0
AB-2020-TRA515,0
AB-2019-NER197,0
AB-2019-LDR799,1
TO-2019-CU802,0
AB-2020-LAC840,0
CR-2019-LB367,0
TO-2020-TDS525,1
AB-2019-FPB470,0
AB-2019-JÁC894,0
CR-2019-MPF999,1
CR-2020-LÁN369,1
CR-2020-RFO697,0
AB-2019-GAM511,0
CR-2020-ECG060,0
CR-2019-AC758,0
TO-2020-MCC249,1
CR-2019-TR212,1
TO-2020-CLM103,0
TO-2019-EVP297,0
AB-2020-SSV044,0
AB-2019-MBR089,0
TO-2020-MVB664,1
TO-2020-LP197,0
TO-2019-HTM404,0
AB-2020-BAR891,0
CR-2019-JMC149,0
CR-2020-CJA660,0
CU-2020-HI620,0
TO-2019-FZM195,0
AB-2019-FM732,0
CR-2020-AVT895,0
CU-2019-LL485,0
CR-2020-CCE464,1
TO-2020-NDM710,1
CR-2020-DC236,0
AB-2019-RPA370,1
CR-2019-ANA266,0
CU-2019-NAM112,0
CU-2019-LF199,0
CR-2019-CCC572,0
TO-2019-MTV176,0
TO-2020-AU757,0
CR-2019-BP532,0
TO-2020-OPP136,0
CR-2020-RTS390,0
CU-2020-RPE219,0
TO-2020-APB070,0
TO-2020-PAM470,0
CR-2020-RBS565,0
CR-2020-MJD091,0
TO-2020-NG334,0
TO-2019-NBV429,0
TO-2020-EPF402,0
CR-2020-ÍDC832,0
TO-2019-RC427,1
CR-2020-LDM398,0
CU-2020-SUC976,0
AB-2019-AH346,0
AB-2020-JDO411,0
TO-2020-EEB720,0
CR-2020-JAQ185,1
AB-2020-AVE107,1
CR-2020-ICF752,0
TO-2020-FAE957,0
AB-2019-AL739,1
AB-2020-CGO511,1
AB-2019-MF625,1
CR-2020-BHG609,0
CU-2019-CC650,0
AB-2020-BCA825,0
TO-2020-GCA565,0
AB-2020-LV154,1
CR-2020-BDR059,1
TO-2020-SGA721,1
CU-2019-AL172,0
TO-2019-RJC658,1
CR-2019-TEM813,1
AB-2019-DDP171,0
AB-2020-CAP322,0
TO-2020-CBG717,1
AB-2020-MMA419,0
CR-2019-GNS214,1
CR-2019-CPF577,1
CR-2019-CAR643,1
TO-2019-LRS393,1
CR-2019-BDR176,0
CR-2020-EBF178,0
CU-2019-GDB697,0
TO-2020-JCM822,0
CR-2020-PCT601,1
TO-2019-EAT006,0
AB-2020-JTB094,0
AB-2019-MPC647,0
CR-2019-FDF648,0
CU-2020-MEL165,1
TO-2019-VDC662,0
TO-2020-OM099,0
CR-2020-AGP118,0
CR-2019-NBS831,0
AB-2020-ÁFM733,0
TO-2020-ERN721,0
CU-2019-RAL118,0
CU-2019-MPL601,1
CU-2020-PGS471,0
CR-2019-RR821,1
TO-2020-JTR980,1
AB-2020-AFM961,0
TO-2020-DEV634,0
TO-2020-ÁMD183,0
AB-2019-MHC094,1
CR-2020-ARL311,0
TO-2020-IC148,0
CR-2020-CCG550,0
AB-2020-CCQ761,1
TO-2019-MMG135,1
TO-2019-LFB665,0
AB-2020-LÁD174,0
CR-2019-PS305,1
CU-2019-RDG034,1
AB-2019-SP382,0
TO-2019-MVC807,1
CU-2020-NAP540,0
CR-2020-LCO230,1
AB-2019-ECP018,0
AB-2020-CDV821,0
TO-2019-LMC909,0
TO-2020-NDC690,0
AB-2020-TFU068,0
CR-2019-JCD545,0
TO-2019-HAE002,1
CU-2020-ELA838,1
AB-2019-ALS872,0
AB-2019-CP310,0
TO-2019-MSC716,1
TO-2020-JRL735,1
AB-2019-EPC507,0
AB-2019-ESB180,0
TO-2020-HCG485,0
TO-2019-RDF151,0
AB-2019-MB990,0
CR-2020-RDN891,0
AB-2019-JBD915,0
AB-2019-ROR664,0
CU-2019-JPG253,0
CR-2020-TSR921,0
TO-2020-PLV180,1
TO-2019-EDP018,0
CU-2020-OPA897,1
CU-2020-APB459,0
TO-2019-CPR450,0
AB-2020-MPM009,0
TO-2020-LCL673,0
CR-2019-GU514,0
TO-2020-RUL752,0
TO-2020-PMM112,0
CU-2019-BMR073,1
CR-2019-CBB836,0
AB-2020-GGP880,0
TO-2020-LSO106,0
TO-2020-LRB577,0
AB-2019-LCA207,0
AB-2020-TS406,0
AB-2019-IFS013,0
AB-2020-CMO922,0
TO-2019-RDT249,0
AB-2019-LBM934,1
AB-2019-DPC567,0
CR-2019-TAG595,0
TO-2020-DAH788,1
TO-2019-YJG843,1
AB-2019-PPP156,0
TO-2020-LCA579,0
CR-2020-RCF927,0
CR-2019-EBF904,0
CU-2019-JBE741,0
AB-2019-FB262,0
AB-2020-EVC570,1
AB-2019-CRR952,0
AB-2020-JAG229,0
TO-2019-CA594,0
AB-2019-AÁM228,0
CR-2020-CF733,0
CU-2020-GPT699,0
TO-2020-IC732,0
CR-2020-EP283,0
CR-2020-CES977,0
TO-2019-MRR784,0
AB-2019-LSA157,1
AB-2020-IP417,0
CU-2019-ERM756,0
CR-2020-CDF015,1
AB-2020-LB560,0
CR-2020-PFG130,1
CR-2019-MDC888,0
CU-2020-AGB860,1
CU-2019-CCM749,0
TO-2020-RDS233,0
AB-2020-AMP250,0
CU-2020-NDV566,1
AB-2020-SMM748,0
TO-2019-EPS387,0
TO-2019-MCB369,0
TO-2019-CMI128,1
CR-2020-JG500,0
CR-2020-MDS894,0
CR-2019-AF711,1
CR-2019-CCN290,0
CU-2019-CBM177,0
AB-2020-MAM675,1
CR-2019-AAP526,0
CU-2020-WIA083,0
AB-2020-CSL032,0
CR-2019-VAP844,1
TO-2020-DEA096,0
AB-2019-MUC285,1
AB-2019-MPD112,0
TO-2020-PCP165,1
AB-2019-JNM880,0
AB-2020-AEA746,0
AB-2019-FPB282,1
TO-2019-JMC852,0
TO-2020-AAB864,0
CR-2020-CDT439,1
CR-2020-NDH124,1
CR-2020-RCR276,0
TO-2019-LGM850,0
TO-2019-ACA944,0
TO-2019-ALF811,1
CU-2020-LÁS330,0
CR-2019-JDZ802,0
TO-2019-JTV884,0
AB-2020-SZ670,0
TO-2020-SÁB935,1
TO-2020-GBR636,0
TO-2019-FLN379,0
CR-2019-RMM452,0
CU-2020-EDM234,0
TO-2020-BRV331,1
CR-2019-AFV789,0
CR-2019-CQA211,0
AB-2020-TSC176,0
TO-2020-LDH450,0
AB-2020-RJN079,1
CR-2019-LA717,0
CR-2019-NL753,1
AB-2019-RSI151,1
CU-2020-JVR506,0
CR-2020-TAV788,0
TO-2019-BCR560,0
TO-2019-FD321,0
CR-2019-MDA501,0
CU-2019-NEP230,0
TO-2019-LCD475,0
CU-2019-EBR898,0
CR-2019-CMA594,0
AB-2020-ARG958,0
CU-2019-SMM644,1
TO-2019-HDS037,1
AB-2019-TVM241,0
TO-2019-MAE526,0
CR-2020-JCD435,0
CR-2020-AP613,0
TO-2020-SVC879,0
AB-2019-FFM578,0
TO-2020-MBC733,0
TO-2020-FGV145,1
AB-2019-SRM671,0
TO-2019-LRM680,0
CR-2020-LJP054,0
CR-2019-MM519,0
CU-2020-ÁS462,1
CU-2020-GA581,1
CR-2020-CB098,0
TO-2019-LC045,0
AB-2019-LAP994,0
TO-2019-SRB877,0
CR-2020-GGI034,0
TO-2020-JM346,0
AB-2020-GBT452,0
AB-2019-PEA639,0
CR-2019-EVM032,0
CU-2020-SC953,1
AB-2019-AS636,1
CR-2019-LDS235,1
TO-2019-MLI969,1
TO-2020-FCT238,1
CR-2019-CHG086,1
AB-2020-AC086,0
TO-2019-HB039,0
TO-2020-AC657,0
AB-2019-CET196,0
CR-2019-AJV558,1
CR-2020-SFM258,0
AB-2020-NIC583,0
AB-2020-NZZ688,0
AB-2020-CVA874,0
AB-2019-RDP316,1
TO-2020-ESP788,1
CR-2019-XG033,1
AB-2019-JAC853,0
TO-2019-AOA072,1
TO-2019-PAT715,0
CR-2019-LPC021,1
CU-2019-LM361,1
CR-2019-HB001,0
CU-2020-AA224,0
CR-2019-EPV137,0
CR-2020-DDC243,0
TO-2020-NLC632,0
TO-2020-PDM259,0
CU-2020-PAC283,0
CR-2019-FJR975,0
AB-2019-SLM068,1
CR-2019-ACR928,0
TO-2019-CGP554,0
CR-2019-MAG147,1
CU-2020-FAN109,0
CU-2020-RV873,0
CU-2019-RM163,0
AB-2019-MTP194,0
TO-2020-TVL521,0
CU-2019-DAQ058,1
TO-2019-EMA849,0
TO-2019-AAA225,0
CR-2020-OPV682,1
TO-2019-CPA339,0
CU-2020-AMP499,0
CU-2020-LPS918,0
AB-2020-AMC498,0
TO-2019-EDJ051,0
AB-2020-DRA919,0
AB-2020-LDB876,0
CU-2020-FEE406,1
CR-2019-LSA937,0
TO-2019-ATA183,1
TO-2019-GO928,0
CR-2020-APC106,1
AB-2019-EVP259,0
TO-2020-HMC662,0
AB-2020-AAB525,0
AB-2019-BSC189,1
TO-2020-MDM498,0
TO-2019-YDP424,0
AB-2019-TLA319,0
CU-2019-MDL732,0
CU-2020-JBT309,0
CR-2019-LAE199,1
AB-2019-NDB668,0
TO-2020-CDB077,0
CR-2019-FMR746,0
AB-2020-ÍDV214,0
TO-2019-CTB276,0
TO-2019-MA984,1
AB-2020-TDV219,0
CR-2020-NM651,0
AB-2020-MÁR400,1
CR-2019-ET399,0
AB-2019-AG002,0
TO-2019-ERG604,1
AB-2020-LEP402,1
AB-2019-TFP715,0
TO-2019-VDL420,0
TO-2020-NVR306,0
CU-2020-FD792,0
TO-2019-VLQ658,0
TO-2020-NDA415,0
TO-2019-MT057,0
AB-2019-MDC361,0
TO-2020-LDN128,0
CR-2019-HCP304,0
CR-2020-RDR743,0
AB-2020-PAB251,0
CR-2019-MBV648,1
TO-2020-MÁP834,0
CR-2019-RPC958,0
CU-2019-JM417,0
CR-2019-VT760,1
AB-2019-EH365,0
CR-2020-OTA985,1
AB-2019-MOM053,1
TO-2019-RCC169,0
TO-2019-GDL519,0
AB-2019-COM346,0
CU-2019-FGR016,0
AB-2019-APC635,0
TO-2019-OPZ378,0
TO-2019-JR655,1
CU-2019-CP762,0
TO-2019-MVB275,0
CR-2019-GV980,1
TO-2020-ECM509,1
CR-2020-RDS008,0
TO-2019-CDE756,1
TO-2019-FAM997,0
CR-2019-BDP101,0
AB-2019-FAC338,0
CR-2020-DLR988,0
TO-2019-ASA524,0
TO-2020-SAA246,0
CU-2020-FHB262,0
CR-2020-APR101,0
CR-2019-MDM513,1
CU-2020-ARM416,0
TO-2020-SVS967,0
TO-2019-AP116,0
CU-2020-AQC337,0
TO-2020-BTÁ500,0
CR-2019-JAJ503,0
AB-2020-VA499,0
TO-2019-LDB807,0
CR-2020-HJV767,1
CR-2019-FM379,0
TO-2019-FCV856,0
CR-2020-LDR951,1
CR-2019-PGC939,1
CR-2019-JVD176,0
AB-2019-SET394,1
CR-2019-FRR799,0
TO-2020-AS901,1
CR-2020-ÁAC143,0
TO-2020-JRO819,0
CU-2019-MS301,0
TO-2019-MCR073,0
CU-2020-FBB963,0
CR-2020-LDT814,0
CR-2019-AGG399,0
AB-2020-AMP852,0
AB-2020-PCR590,0
AB-2020-MFB356,1
TO-2019-MDL833,0
AB-2020-FBV586,1
CR-2019-BLV035,0
CR-2020-MRC048,1
CU-2020-MGL545,0
AB-2020-RCL905,0
AB-2019-RDF064,0
AB-2019-VAG690,1
AB-2019-FJL329,0
CR-2020-JLD480,0
CR-2019-ELM043,1
CR-2019-JAÁ483,0
TO-2019-OM888,1
TO-2020-ACD030,0
CR-2020-AA781,1
AB-2020-PO146,0
TO-2019-DDH965,1
TO-2019-JSV785,0
AB-2019-FRD594,0
TO-2020-TO704,0
CR-2020-DG241,0
CR-2019-CFG791,0
CU-2019-AIQ035,1
TO-2019-OM817,0
TO-2020-PMF268,0
TO-2020-SBC407,1
TO-2019-ND111,0
CR-2019-CPR127,1
CU-2020-MMQ771,0
CU-2019-MN384,0
TO-2019-CT432,1
CR-2019-AO242,1
CR-2019-RR773,0
TO-2020-JPB956,0
CU-2019-MCA498,0
TO-2020-PMM381,0
AB-2019-BJ424,1
TO-2020-CNB769,0
CR-2019-RMD949,0
TO-2020-REL628,0
AB-2019-MAB629,1
TO-2020-VDO539,0
AB-2019-AL918,0
TO-2019-EDR368,0
TO-2020-RGR427,0
TO-2020-AST100,0
AB-2019-MPM322,0
TO-2019-ÍDM140,1
AB-2019-PAC776,1
CR-2020-CML058,0
CU-2020-FDT159,1
TO-2020-CNC118,0
CR-2020-ADB218,0
TO-2020-ÍF437,1
AB-2019-ARN519,0
TO-2019-EAO209,0
AB-2019-BDA945,0
AB-2020-EGM940,0
CU-2020-PCG459,0
AB-2020-MDG766,1
TO-2019-AVP762,0
TO-2020-NL633,0
CR-2019-CCB731,0
CR-2020-GPF921,0
TO-2019-CDS789,0
AB-2020-DRF699,0
CU-2020-DS878,1
CR-2020-OCF345,1
CU-2019-PL234,0
AB-2019-RC639,0
CR-2020-GRP975,0
TO-2019-GFP981,0
CR-2019-LTL369,1
CR-2019-RGP960,0
CR-2019-HT872,0
AB-2020-CMG026,0
TO-2019-AGM253,0
CR-2019-JEC660,1
TO-2019-RPG068,1
AB-2019-EB654,0
TO-2020-MJH963,0
TO-2020-ARS092,0
CR-2019-FP291,0
AB-2020-EJ963,0
CR-2019-BSA483,0
CU-2020-ÁDI587,1
CU-2019-DVS709,0
TO-2020-OMA613,1
AB-2020-BF765,1
CR-2020-JDB106,0
CR-2020-AAC884,0
AB-2020-IDC000,0
CR-2019-CC435,0
AB-2020-TFR448,0
AB-2019-TAE583,1
AB-2019-CJR316,1
CR-2019-EAE420,1
TO-2019-JPC494,0
AB-2019-AMB793,1
CR-2019-AAC948,0
AB-2020-BEL396,0
CU-2019-MOD193,0
CU-2020-CPC794,1
AB-2019-ZOT772,1
CR-2019-ICJ807,0
AB-2019-ACE585,0
AB-2019-LDM127,1
TO-2020-SGM834,0
TO-2019-JAD496,0
AB-2019-ML550,0
TO-2020-ADV626,0
TO-2020-CVC945,0
CR-2019-NFS511,0
CU-2020-HMA474,0
TO-2020-JAR436,0
CR-2019-EBM543,0
AB-2019-NPM273,0
TO-2020-AAA649,1
TO-2020-EAA771,1
TO-2020-HOR567,0
TO-2020-RDC528,0
AB-2020-ADC074,0
CU-2020-RS014,0
AB-2020-AAG824,1
TO-2020-VB351,0
TO-2020-JAD874,1
TO-2020-ÍMP471,0
AB-2020-AJI781,1
CU-2019-DPR980,0
CR-2019-DCP598,0
CR-2019-WSB638,1
TO-2019-PB219,1
AB-2019-ABP792,0
AB-2019-MVC005,0
CR-2020-SEV173,0
AB-2019-TMS289,0
TO-2020-DAL194,0
TO-2019-ÚDQ454,0
AB-2020-ALA477,0
AB-2019-FM929,0
CR-2019-FAC409,0
CR-2020-CBL531,0
AB-2019-GAM489,0
CR-2020-EAP744,1
CR-2019-QLR290,0
CR-2020-JBC553,1
TO-2019-AQ606,0
CR-2019-GC935,0
TO-2020-CA752,0
AB-2020-YMÁ891,0
AB-2019-ALJ313,0
CR-2020-ETC520,0
CR-2019-EMM346,1
AB-2020-JDC954,1
AB-2019-BRU621,0
AB-2020-VDM234,0
CR-2020-JV490,1
AB-2020-AA684,1
CU-2019-ÁDP019,1
CR-2019-RRO002,1
AB-2020-IT454,1
AB-2020-ZCG823,0
TO-2020-RBF315,1
TO-2020-XMC547,0
CR-2020-CGA659,0
TO-2019-PSN815,0
AB-2019-CA377,1
TO-2020-BLS578,1
AB-2020-HL905,0
AB-2019-LDF312,0
CU-2020-MJG925,0
CR-2019-MEM257,0
CR-2019-LCC683,0
TO-2020-CV147,0
TO-2019-JGP291,0
CU-2019-LG939,1
CR-2019-ARA753,0
TO-2020-MGS694,1
TO-2019-SAM672,0
CR-2019-MRO846,0
TO-2020-CPS224,0
CR-2020-ÁBE422,0
CR-2020-SS225,0
TO-2020-AEC690,0
TO-2020-DLM578,1
AB-2019-LSG890,0
CU-2020-JMB094,1
AB-2020-SLN534,0
AB-2019-FJV937,0
AB-2020-AR862,0
AB-2019-YAG053,0
TO-2020-MCO943,1
TO-2019-NDP481,0
AB-2019-GLV478,0
TO-2020-NR329,0
CU-2020-VCB659,0
CR-2019-JTP412,0
TO-2019-AAO415,1
TO-2019-AAN887,0
AB-2020-VBA033,0
TO-2019-HPV393,0
CR-2019-AHH628,0
TO-2020-ADC645,0
CR-2019-DMS309,1
AB-2019-CM574,0
AB-2020-SGH788,0
AB-2020-GFC545,1
TO-2020-GAV804,0
TO-2019-SC997,0
TO-2020-CAE736,0
CR-2019-NP621,1
AB-2020-MY436,1
CR-2020-RLI944,0
TO-2019-NAV651,0
CU-2019-JAD141,0
CR-2019-ABR584,0
TO-2019-MVV971,0
AB-2019-DG809,1
CR-2019-CBM668,0
TO-2019-IPO393,0
CR-2020-SDM368,1
AB-2019-RBT572,0
AB-2019-RVS393,0
CU-2020-ELB668,1
CR-2020-IIN671,0
CR-2019-SMV750,0
AB-2019-MND512,0
CU-2020-MA305,0
CR-2019-AMB006,0
CU-2020-NCL840,0
CR-2020-CVM242,1
TO-2020-DOÁ121,0
CR-2019-BTR667,0
TO-2019-LOS744,1
TO-2019-MN930,0
AB-2020-LRB680,0
CU-2020-MFP794,0
AB-2020-BMC788,0
CU-2019-AAO360,1
AB-2019-JMN399,1
CR-2019-NAA196,0
TO-2020-MM032,1
TO-2019-SSD571,0
AB-2020-ÁHC488,0
CR-2019-ÁOP752,0
CR-2020-PC009,0
AB-2020-FA354,1
CU-2020-JDC749,0
CR-2019-IBL333,0
AB-2020-VCM560,0
TO-2019-TA394,0
CU-2020-SPB287,1
TO-2020-ACC430,0
CR-2020-JHP682,0
CR-2019-CEP024,1
AB-2020-LC240,0
CR-2020-LMD190,0
TO-2020-AE741,0
CR-2020-JLS262,0
TO-2020-RAA263,0
CU-2019-ADE105,0
CU-2019-NCE915,0
AB-2020-GCP658,1
AB-2020-CPH700,0
CU-2020-TEC654,1
AB-2019-SSB993,0
CU-2019-DCF838,1
CU-2019-SGS899,1
TO-2019-ELC558,0
CR-2020-BAC164,0
CR-2019-OR324,1
TO-2019-EMM636,0
CR-2019-PBL917,0
TO-2019-AAA194,0
CR-2020-DMR169,0
CU-2020-PSC847,1
AB-2019-PMA942,0
TO-2020-AGC365,0
CU-2020-EMD569,1
CU-2019-CBR262,0
CR-2020-AF894,0
TO-2020-NVH954,0
CU-2020-CCA077,1
AB-2019-NA869,0
CR-2020-CLR382,1
CU-2019-AOD745,0
TO-2020-IM481,0
AB-2019-TSB779,0
TO-2020-DB714,0
AB-2020-CBV341,0
AB-2019-LDM321,0
TO-2019-AG095,0
CU-2019-DDT659,1
CU-2019-ESM111,0
TO-2020-BAC287,0
TO-2020-CMC465,0
CU-2019-MDD085,0
TO-2019-OP079,0
CR-2020-MAA238,0
TO-2019-HPP509,0
AB-2020-ADA050,0
CU-2020-HDG279,0
AB-2020-MDR639,0
TO-2019-JPC481,0
CU-2019-JA183,0
CU-2019-ACP903,0
AB-2020-VPS173,1
CU-2020-VSC024,0
AB-2019-TPJ517,1
AB-2019-JPM002,0
CU-2019-FDV595,1
CR-2020-FEA125,0
CU-2019-EDP810,1
AB-2019-MPC257,1
TO-2020-JAC449,1
CR-2019-JSC443,0
TO-2019-FA453,0
CR-2020-FJB908,0
AB-2020-JG424,0
AB-2020-ECG426,0
AB-2019-CGA253,1
CR-2020-JJR748,0
AB-2019-BTD629,0
AB-2020-SDS438,1
CR-2020-FPC360,0
TO-2019-NS158,0
AB-2020-MMB640,0
TO-2019-AGR473,1
TO-2020-MBM737,0
TO-2020-BCR965,0
CR-2019-SUG757,0
AB-2019-ER276,0
TO-2020-MAB462,0
AB-2019-OPP815,0
CU-2020-AHG048,0
CR-2020-MCC265,0
AB-2019-CÍB649,0
TO-2019-ARF682,0
CR-2019-CGC340,0
CR-2020-DPR842,1
TO-2019-MDC138,1
AB-2019-CMS997,0
CU-2019-JTI330,0
CU-2019-VPS112,0
TO-2019-EMT217,0
AB-2020-RBG107,0
TO-2019-HSB964,0
AB-2019-TMG427,0
AB-2020-MÁE732,0
CR-2020-OC473,1
TO-2020-ÁDM690,0
AB-2020-AIC828,0
AB-2020-GTS845,0
TO-2020-EDV130,1
TO-2020-MC053,0
CR-2020-SL871,1
CR-2019-SDC969,0
AB-2019-FLT652,0
CU-2019-PSC074,1
TO-2020-JDM492,0
AB-2019-SMR291,0
AB-2020-FDC293,1
AB-2020-NDF513,0
CR-2019-APM332,0
TO-2020-PEP476,0
CR-2019-SRM142,1
AB-2020-GVR209,1
TO-2020-PSF501,0
CU-2020-JAD645,0
TO-2019-JMJ096,0
CR-2020-TCV809,0
CU-2020-MBP687,0
CR-2019-ACF944,0
TO-2019-ABP306,0
CU-2019-CHM253,1
AB-2020-AP328,1
CR-2020-CB483,0
CU-2019-CBH610,0
CR-2019-VE475,1
CU-2020-CGZ583,0
AB-2019-VCI271,0
CU-2019-XLA168,1
TO-2019-TOM783,0
AB-2019-AN028,0
CR-2019-JAG422,0
AB-2020-SG469,0
CU-2020-ALG715,0
TO-2019-MDQ118,0
TO-2020-AAG757,1
AB-2020-EAF414,1
CR-2019-GLP764,1
CR-2020-CJS166,0
TO-2020-CRA781,1
CR-2019-AF006,0
CU-2019-PRM224,1
AB-2019-GDP509,1
CU-2019-VMC622,0
CR-2019-DBE925,0
AB-2020-JNG304,0
CR-2019-MBG626,0
CR-2020-GC144,0
TO-2019-GDR277,0
AB-2019-MSC636,0
CU-2019-AAC221,0
TO-2020-MC829,0
TO-2019-NP280,0
AB-2020-PAR704,1
AB-2020-NJV788,0
CR-2020-MP440,0
TO-2020-IEV272,0
CR-2020-MLS079,0
CR-2019-DJS380,0
AB-2019-FLG140,0
CU-2019-LJB973,1
CU-2020-TM052,0
TO-2019-APA006,0
AB-2019-OP873,1
CR-2020-YL188,0
CR-2020-BJJ781,0
AB-2020-ES591,0
AB-2020-EUF421,0
AB-2020-CGD357,0
TO-2020-CDV881,0
TO-2020-ES880,0
CR-2019-ARC874,0
CR-2019-CAB665,0
CR-2019-SDS579,1
CR-2020-ADF030,1
TO-2019-MB329,0
TO-2020-ARE553,0
CU-2020-FB510,1
CR-2020-LGH153,0
AB-2020-CGC624,0
TO-2019-FZB095,0
AB-2020-JMD396,0
CU-2019-MPN292,0
TO-2020-FPL870,0
TO-2020-RVR550,1
CU-2019-FRM669,0
TO-2019-ALG665,0
AB-2020-JUG525,0
TO-2020-TDP862,1
TO-2020-LC425,0
TO-2020-JSP122,0
CR-2020-SAP276,0
CU-2020-MAE747,0
AB-2020-RSS264,0
CU-2019-JMR676,0
AB-2020-AR814,0
AB-2019-GL849,0
AB-2019-AOB130,0
TO-2019-TF897,0
CR-2020-JFM652,0
TO-2020-CLS325,1
AB-2020-NC039,1
TO-2020-AEI913,0
CU-2019-OBV211,0
CU-2020-MEG688,1
CR-2019-LDV591,0
CR-2019-PEP229,0
CU-2020-CCA364,0
TO-2020-EPC807,0
AB-2019-LA316,0
TO-2019-RMD902,0
TO-2020-EPA740,0
TO-2019-JNP380,0
CR-2019-JAC739,1
CR-2019-VGF920,0
TO-2019-SMB421,0
TO-2019-LFV804,0
CR-2020-DAJ785,0
CR-2020-LLT089,0
CR-2019-HEF033,0
TO-2019-PA147,0
TO-2019-AAB860,0
CR-2020-AP199,0
CR-2020-SVR784,0
AB-2019-MUB515,0
CU-2019-MJD421,0
TO-2019-MLR605,1
TO-2019-MDP540,0
CR-2020-SC125,0
AB-2020-AS273,0
AB-2020-EAH283,0
CU-2019-ADH354,0
AB-2019-MS275,0
TO-2020-FTA581,0
CR-2020-IMC533,0
CR-2019-GV273,1
AB-2019-BAT226,1
CU-2020-NMM940,1
CR-2019-CAB629,0
CR-2020-PF835,0
AB-2020-NDG558,0
CU-2020-MCM139,0
TO-2019-MSB004,1
CR-2020-AAV882,1
TO-2019-AB520,0
CU-2019-MDA025,1
CU-2020-JAV487,1
CR-2020-PAR540,0
CR-2020-BAE737,0
AB-2019-JRS112,0
TO-2020-AD932,0
CR-2019-JLD495,0
CR-2020-PCT437,0
AB-2019-SDV553,0
AB-2020-AJ791,0
CR-2020-DCG285,1
AB-2019-ADR993,0
CU-2019-PPV189,0
CR-2019-VVS376,1
CR-2020-CLA794,1
CR-2020-FCL922,0
AB-2020-DSC572,0
TO-2019-MH591,0
AB-2020-BCP372,0
CU-2019-JRB122,0
TO-2020-AS982,0
CU-2019-ALB590,0
AB-2019-JMA333,0
TO-2020-CPP072,1
CR-2020-AAT183,0
TO-2019-CA330,0
CU-2020-OPB078,0
AB-2019-AAS355,0
CU-2020-SVM152,0
CU-2019-DDC574,0
AB-2020-NJL960,0
CR-2019-RRP428,0
TO-2020-JAP590,0
CR-2020-DC874,0
TO-2020-ABP985,1
CU-2019-PDA158,0
TO-2020-AMA749,0
TO-2019-AQF737,0
CR-2020-ESC060,0
CR-2019-APL163,0
CR-2020-AFV760,0
TO-2020-PCV789,1
TO-2020-MAA147,0
AB-2020-GJJ200,1
AB-2019-VSG475,0
AB-2020-NCC480,1
TO-2019-ÁDA767,0
TO-2020-GPV862,0
CR-2019-BAG923,0
AB-2020-PA760,1
CU-2019-RBR066,1
AB-2020-AAP268,1
CR-2019-RDC490,0
TO-2019-CM539,0
CR-2019-NMI541,0
TO-2020-LMR596,0
CR-2020-ECB863,0
TO-2020-PAP108,1
CR-2020-RDS107,0
CU-2020-HFC385,0
TO-2020-DBC063,1
AB-2020-APT724,1
AB-2019-FPG503,0
TO-2019-FMP640,0
CU-2020-ÍRA437,1
AB-2020-JVM384,0
TO-2019-ETM917,1
CR-2019-GHL945,0
AB-2020-OVÁ871,0
CR-2020-CR982,0
AB-2020-MBE011,1
CR-2020-AR256,1
CR-2020-VGA687,1
CU-2019-APZ746,0
CU-2019-JMB315,0
CU-2019-IJC812,0
AB-2020-AS309,0
AB-2019-CPR828,0
CR-2020-TPV796,0
TO-2020-GB570,0
AB-2020-CJA020,1
TO-2019-EMN854,1
CR-2020-AVF680,0
AB-2019-MCP959,0
TO-2019-EVD746,1
CR-2019-GBA561,0
TO-2019-DDS944,0
CR-2020-CRP064,0
TO-2019-APF588,0
AB-2020-MLB530,0
CR-2020-JGA236,0
TO-2020-SJH906,0
TO-2019-EDV695,0
CU-2019-BPO247,0
AB-2020-LDC728,0
CR-2020-ADA701,1
AB-2020-JTL609,1
TO-2019-ASB876,0
CR-2020-MIB139,0
CR-2020-APA016,0
CR-2020-AY924,0
AB-2019-CP504,0
AB-2019-LLP128,0
CU-2019-ATB473,1
TO-2019-VGC203,0
TO-2019-BMA008,0
CU-2019-IDM269,1
AB-2020-EAA848,1
AB-2020-SMB779,1
AB-2019-RGC225,0
AB-2019-RBM524,0
CR-2020-ARA594,0
AB-2020-OOM872,0
CU-2020-REM721,0
CU-2019-PDM666,0
TO-2020-MLV658,0
CU-2019-JC161,0
AB-2019-IM900,0
TO-2020-NAC856,0
CR-2019-FV702,1
TO-2019-BSL413,0
AB-2020-IMG784,0
AB-2019-CFE569,0
TO-2020-JIÉ250,1
TO-2020-ME066,0
TO-2020-HGA425,1
TO-2020-RRA732,0
CU-2020-AVS119,0
CR-2020-SCB448,0
CU-2020-FJE939,0
CU-2020-MCB804,0
TO-2020-FSM540,0
CR-2020-MVL489,0
TO-2019-ALB622,0
CR-2020-SC334,0
AB-2020-PPI908,1
CR-2019-OB674,0
AB-2019-PFD668,0
AB-2020-EAC529,0
AB-2019-VAA197,0
TO-2019-CRM880,0
CU-2020-DCC959,1
AB-2019-JOA379,1
AB-2020-PJA223,0
AB-2020-MMR657,0
CU-2020-TRL674,0
AB-2019-BAR976,0
CR-2020-VA962,1
CR-2020-SB338,0
TO-2019-EOA906,0
CR-2019-POV639,0
AB-2019-PCV328,0
AB-2019-LSA252,0
TO-2020-BDA486,0
CU-2019-RZP181,1
AB-2020-MCL378,0
AB-2019-FJB488,0
CU-2019-VO566,0
CR-2020-GGP928,0
AB-2020-EMC646,0
AB-2019-SDG333,0
TO-2020-LAG634,0
TO-2019-EPC694,1
TO-2019-EBS259,0
CR-2019-EL746,0
CR-2019-LC109,1
TO-2019-DJ570,0
CU-2020-CVF771,1
CR-2019-EET515,0
CU-2020-ACH798,1
CR-2020-BVR996,0
TO-2019-TDF238,1
TO-2020-ICG683,0
TO-2020-RMB384,0
TO-2020-MAG950,0
TO-2020-SVT098,1
CU-2019-XC565,0
CR-2020-CCS094,0
AB-2020-JMA244,0
CR-2019-RPF885,0
AB-2019-JSB912,1
CR-2019-DBT032,1
CR-2019-SGR713,0
CU-2020-CCJ295,0
CR-2019-BAE161,1
AB-2020-EAT894,1
AB-2020-OGL622,0
TO-2020-SCS254,1
CR-2019-JDL422,0
CR-2019-DAA044,1
CU-2020-HZ511,0
CU-2020-MBE170,0
TO-2019-FAB610,0
AB-2019-CDA145,0
AB-2020-MG414,0
CU-2020-JA988,1
CR-2019-ACV812,0
TO-2019-GSC869,0
CU-2019-IPV080,1
AB-2020-IQS661,0
CR-2019-OZ029,0
CR-2020-FF926,0
TO-2019-FMA658,0
TO-2019-TUA980,1
AB-2020-CLR157,1
CU-2020-GO521,0
AB-2020-MCC017,0
TO-2020-UTL658,0
TO-2019-ETO272,0
TO-2020-RRR175,0
TO-2019-AAC527,0
AB-2019-FJI116,0
CU-2020-MLC248,0
CR-2019-ABC626,0
AB-2020-ESB099,0
CR-2019-ÉST456,1
CR-2020-TOC960,1
AB-2019-ASV577,0
CU-2020-NLP951,1
AB-2019-JBC806,0
CR-2019-EGG793,0
TO-2020-AAV569,0
TO-2020-GPV059,0
TO-2019-SDC774,0
CR-2019-GUP299,0
TO-2020-RPR126,1
CR-2019-EL292,0
CR-2019-CVJ631,1
TO-2020-LIV848,1
TO-2020-ARE049,0
CR-2020-JAR370,1
TO-2019-TAA681,1
CR-2020-SFR867,0
TO-2019-PM360,1
TO-2019-TFC157,0
CR-2019-SDO121,0
CR-2019-GG846,0
TO-2020-DCC795,0
TO-2019-SPS116,0
TO-2020-AGR851,0
CR-2019-OMC030,0
AB-2019-EB989,1
CU-2019-JCG090,0
TO-2020-JMP876,0
AB-2019-DSC875,0
CR-2020-LDC306,0
CU-2019-SRI388,1
TO-2019-GRG801,0
CR-2019-AGH767,0
AB-2019-IDV501,0
AB-2020-FVL200,0
AB-2020-II263,0
CR-2020-RG221,0
TO-2019-AV000,1
AB-2020-NEP711,1
TO-2019-LM677,0
TO-2019-RMM565,1
AB-2020-DS590,0
TO-2020-EDA493,1
AB-2020-MJ227,0
AB-2019-JM245,0
AB-2020-BPC144,0
AB-2019-JNA945,1
CU-2020-RPB466,0
AB-2019-VRC956,1
CR-2020-GDC761,1
TO-2019-DC580,1
TO-2019-RHR260,1
TO-2019-SBM216,1
AB-2020-PCS626,0
AB-2019-CCC420,0
TO-2019-IOB423,1
TO-2019-CP471,1
CR-2019-AAB655,0
TO-2019-PS467,1
CR-2019-CPV025,0
CR-2020-VBC420,1
TO-2020-ASB447,0
AB-2019-JZC795,1
TO-2020-JL479,1
CR-2019-LDL391,0
AB-2019-RV907,0
CU-2020-FHA857,0
TO-2019-ARR168,0
CR-2019-CCS854,0
AB-2020-GG838,0
CU-2019-MDE659,0
AB-2020-MFF597,0
TO-2019-CDG114,0
AB-2020-YGG580,0
CR-2019-PJA918,0
TO-2019-CBM980,0
AB-2019-GOM952,0
AB-2019-AVM379,1
AB-2020-LS814,0
AB-2019-MSV326,0
AB-2020-CSC898,0
TO-2019-CP665,1
CR-2020-BVT278,0
TO-2020-FRD722,1
CR-2019-AVP552,0
AB-2020-MCC820,1
TO-2020-EMJ463,1
TO-2019-VL480,0
TO-2019-MBC622,0
CR-2019-MDV524,0
CR-2019-AUS854,0
AB-2019-NBM372,0
CR-2020-SBA109,0
AB-2019-ERT253,0
CR-2020-NPM258,1
AB-2020-CBC961,0
CR-2020-AVT443,0
AB-2020-JC245,0
TO-2020-CCC371,1
TO-2019-ETC291,0
CR-2020-MDS210,0
CR-2019-EPC728,0
TO-2019-ADS662,0
TO-2020-GMI612,0
AB-2020-PR520,1
CR-2019-GB073,0
AB-2020-GI583,0
TO-2020-RNP427,0
CR-2019-JSA555,1
TO-2019-LDN560,1
TO-2019-OVG025,1
TO-2019-JZE573,1
TO-2019-CAC644,1
CR-2019-EG893,0
CR-2020-CGJ571,0
CR-2020-MMA036,0
TO-2020-LCN607,0
AB-2020-MMR629,0
CR-2020-MS412,0
AB-2020-SCR564,0
CR-2019-BSC080,0
TO-2020-DEM722,0
TO-2019-PVP829,1
CR-2020-IRC923,1
CR-2019-EAI008,1
TO-2020-OCO643,0
CR-2019-NRD429,1
AB-2019-LDE218,0
TO-2020-MCD442,0
AB-2020-RC095,0
AB-2019-BMV074,0
AB-2019-NTP523,0
AB-2020-EE072,0
CR-2020-TTP928,1
AB-2019-CVV472,1
TO-2019-AHR342,0
AB-2020-CDM148,1
TO-2020-IPH125,1
TO-2019-GST127,0
CR-2020-MUC121,0
CU-2020-VAB451,0
CU-2019-NNC419,0
CR-2019-JLD168,1
AB-2020-CAS539,1
TO-2019-TG567,1
TO-2020-MN722,0
AB-2019-MGG672,1
TO-2020-SPG290,0
TO-2019-JMP659,1
CR-2019-ORO805,1
CR-2019-RMM654,1
AB-2020-CV367,0
AB-2020-ISA724,1
TO-2020-PCO668,0
TO-2020-EFV176,1
CR-2019-ALN630,1
CU-2019-IA543,0
CU-2019-JDR240,0
TO-2020-IDC026,1
CR-2019-ETA533,0
TO-2020-RR521,0
TO-2019-VF268,0
TO-2020-JMC016,0
AB-2019-CMG031,1
TO-2020-VCB828,0
CU-2020-ANM261,1
AB-2020-OSA099,1
TO-2019-ELF346,1
AB-2019-ÍMG230,0
AB-2019-AR217,0
TO-2019-EBR586,0
TO-2019-BGQ664,0
CU-2020-BCO430,1
TO-2019-DFC042,1
CR-2019-JDC205,0
TO-2020-AFM796,1
TO-2020-JDV621,0
AB-2019-HDÁ383,0
TO-2019-JG907,0
AB-2019-TPD442,1
AB-2020-FCB841,0
CR-2019-TDT704,1
CU-2020-MME847,0
CU-2020-THG806,0
CR-2020-TBP427,1
AB-2019-LSV852,1
TO-2020-EFV304,0
AB-2019-TL220,1
CR-2020-RLG302,0
CU-2019-RDH015,0
CR-2020-SDR517,0
CR-2019-PTS916,0
AB-2020-LVL563,0
TO-2020-AMI866,0
TO-2019-JBB141,1
CU-2019-EMT592,0
AB-2019-NJA568,0
TO-2020-RB712,1
AB-2020-MM530,0
TO-2019-MCB091,1
CR-2019-RDB091,0
AB-2020-DMB122,0
CR-2019-NA679,0
TO-2020-OM498,0
CR-2020-JP624,0
CU-2019-RDC457,0
TO-2019-MCC415,0
TO-2020-RAV617,0
TO-2020-DE535,1
AB-2019-ÚHM724,0
CR-2019-NBC504,0
TO-2019-IDC049,1
TO-2019-SCG037,0
CU-2020-AVM065,0
CU-2020-CPM141,1
CR-2019-ATM101,0
AB-2020-TS412,1
CR-2019-GDZ110,1
AB-2019-ASF225,1
CR-2020-LRT853,0
TO-2019-SR602,0
TO-2020-JAÁ804,0
AB-2019-JÁS044,0
CR-2019-VHG043,0
CR-2020-CJC875,1
TO-2019-UDN430,0
CR-2019-OZ210,0
TO-2020-FMC010,0
TO-2020-TDD704,0
CR-2019-TF283,0
CR-2019-AÁA655,0
CR-2019-VCC294,1
TO-2019-DDA731,0
CR-2020-IDV709,1
TO-2019-RTC546,0
TO-2020-DL309,0
TO-2020-AF380,0
CR-2019-MSG879,0
TO-2019-AAG753,0
AB-2019-AFS165,0
AB-2020-ALA593,1
TO-2020-JNS298,0
TO-2020-JAF484,0
CR-2020-EFM428,1
AB-2019-FA877,0
TO-2020-NTV679,0
AB-2019-MDC648,0
AB-2019-DDG493,0
CU-2020-VAE328,0
TO-2020-SV048,0
CU-2019-NNA842,0
CU-2020-ADP210,0
TO-2019-GDV120,0
AB-2020-CSC171,1
CR-2019-ZDE712,1
CR-2020-LS429,0
CU-2020-TPV136,1
CR-2020-FC643,1
AB-2019-GMF491,1
CR-2019-MLG049,0
AB-2020-CDV068,0
CR-2020-RG303,0
CR-2019-MSS645,1
CR-2020-ARÁ165,0
CU-2020-LLO320,1
AB-2020-BN567,1
CU-2020-AOS850,0
AB-2019-ASC372,0
AB-2019-ELA825,0
TO-2020-CUD028,0
CU-2019-MRA938,0
CR-2019-LBA901,0
AB-2020-EPV522,0
TO-2019-EVD280,1
AB-2020-ST798,0
AB-2019-SCA759,1
CR-2019-AEZ137,1
TO-2020-EMB809,0
AB-2020-AB198,0
CR-2020-JAM167,0
CR-2019-SER954,0
CU-2019-JSZ966,0
TO-2020-BLS138,0
TO-2020-ESS853,0
CR-2019-BRS598,1
AB-2019-ERJ946,1
AB-2019-JDS882,0
CR-2019-JA844,1
CR-2019-FJS653,0
TO-2020-VG010,1
TO-2019-LBH689,1
CR-2019-TAP099,0
CR-2019-ABB625,0
CR-2019-FAC995,1
CU-2020-HVB101,1
CU-2019-BPB385,1
TO-2019-MTA243,1
TO-2019-ACT526,0
CU-2020-JJV245,0
CU-2019-NMA925,0
TO-2020-IGJ035,0
AB-2019-BRF788,0
AB-2020-CL506,0
AB-2019-ISP481,0
TO-2020-MJC815,0
AB-2019-AV495,0
CR-2019-ELM839,0
AB-2019-NBV498,0
TO-2020-AG748,1
CR-2019-CDO164,0
CR-2019-RLL075,0
TO-2020-LLQ592,0
CU-2019-LSD519,0
AB-2019-NVP982,0
TO-2020-JGG611,0
AB-2019-SAG674,0
TO-2019-PÁE432,1
CR-2020-IAV200,0
CU-2019-PTA843,0
CR-2019-EPV064,1
AB-2020-PCM926,1
TO-2020-GÁM608,0
AB-2020-JVA823,1
TO-2019-MLV199,1
TO-2019-AV705,1
AB-2020-JPA848,0
CR-2020-VT725,0
TO-2019-FSP697,0
AB-2020-CE514,0
CU-2019-CDL233,1
TO-2020-PPV794,0
CR-2020-BAD634,1
AB-2019-VVL798,0
CR-2019-TCE903,1
CU-2020-EAB603,1
AB-2019-SB755,0
CR-2020-ECM325,0
CR-2019-ESC138,1
TO-2019-FD346,1
TO-2020-RVF787,1
CR-2019-ANR437,0
CR-2020-GMR817,0
TO-2020-IDA989,1
CR-2020-PNI664,0
TO-2019-CDM309,0
TO-2019-BGT698,0
AB-2020-HV528,1
TO-2019-CCF132,0
TO-2020-RTR455,0
AB-2019-EAM827,1
CR-2019-SE963,1
CR-2020-JPR204,0
CR-2020-DB614,0
AB-2020-EBP874,1
AB-2019-XG287,1
TO-2019-JM577,0
TO-2019-CRS265,0
CR-2019-NLM677,0
AB-2020-ÁDZ812,1
CR-2019-MM076,0
AB-2019-FS103,0
CU-2019-MJR660,0
CR-2019-ARP833,0
AB-2019-GBA414,0
TO-2020-JEP906,0
AB-2019-MDR985,1
TO-2019-ME824,0
TO-2020-NCA580,0
AB-2019-TBC257,0
CR-2020-EMB529,0
CR-2020-CLC738,1
TO-2020-CS237,0
CU-2020-CNF107,0
TO-2020-FR477,1
AB-2019-EAP142,0
TO-2020-ECC666,1
AB-2020-PÁC863,1
CU-2019-ANC579,0
TO-2019-DA026,1
AB-2019-RGA980,0
AB-2019-MDA791,0
CR-2019-FCR076,1
TO-2019-PRC277,0
CR-2019-CA878,1
AB-2020-CME544,1
AB-2020-CAO105,0
AB-2019-MP665,1
TO-2019-AB399,0
TO-2019-JFA884,0
TO-2020-AAC044,1
CR-2020-DCS974,0
CU-2020-FBC180,0
TO-2019-ERR387,0
AB-2019-EM157,0
CR-2019-AS833,0
CU-2019-EJL086,0
CR-2020-CDC247,0
CR-2019-EU345,1
CR-2020-LCQ291,0
AB-2019-EAU846,1
CU-2020-CQA901,0
AB-2019-CAC498,0
CU-2020-AML403,0
TO-2019-ASI792,0
TO-2019-EDB553,0
CR-2020-IVL177,0
AB-2020-MDS994,0
AB-2020-MMM398,0
TO-2019-CDP449,0
CU-2020-CDS160,0
CR-2019-AJC655,0
CR-2019-DRC365,0
CU-2019-TCJ519,1
AB-2019-ADC892,1
TO-2019-ASR331,0
CR-2019-PCS110,1
CR-2020-MMC766,1
TO-2020-ECB515,0
TO-2019-EAM099,1
AB-2019-SMA876,0
AB-2019-CVM393,1
CU-2019-EDV911,0
CU-2020-LA322,0
CR-2020-PDL197,1
CR-2020-MPC604,0
CR-2019-ATD016,0
CU-2020-TY548,0
TO-2019-ZG910,0
TO-2020-JDT138,1
TO-2019-ABE504,0
TO-2019-WAZ000,0
AB-2020-TCB403,0
CU-2019-AZZ020,0
CR-2020-CB474,0
CU-2020-JOF395,0
CR-2019-PS706,0
TO-2020-AAU678,1
CU-2020-GSV887,0
CR-2019-EE577,0
CR-2019-AVM681,0
AB-2019-CM217,0
AB-2019-ILC257,0
CR-2020-JMR923,0
AB-2019-DR516,1
AB-2020-BSC556,1
AB-2019-GG326,0
TO-2020-CCP481,1
TO-2020-EBC278,0
TO-2019-AV907,1
AB-2020-BDE035,0
TO-2020-JBL886,0
TO-2019-LG891,0
TO-2019-AGS952,0
TO-2020-ERC024,0
AB-2019-EAP380,1
CR-2020-MLC999,0
AB-2019-DMP901,0
TO-2020-NDA936,1
CR-2020-AP327,0
AB-2019-EDS021,0
CR-2019-RFA734,0
CR-2019-RNF903,0
CR-2020-PC769,1
AB-2019-TVA481,0
TO-2019-RIV348,0
TO-2020-NSP093,1
CR-2020-ÁV453,0
CU-2019-TSH699,1
CR-2020-AEC278,0
CR-2019-HRC825,0
AB-2019-LDM070,0
AB-2020-LF888,0
CU-2020-AM080,1
TO-2019-ER040,0
CR-2020-MMZ711,1
CR-2020-RFB185,0
CU-2019-ASC555,0
CU-2020-GS494,0
CR-2019-CM647,0
AB-2019-JD915,0
TO-2019-ASC756,0
AB-2019-AFV930,1
AB-2020-ZM418,0
CR-2020-DAS015,0
TO-2019-EGM487,0
TO-2019-RAR612,1
AB-2019-AJM471,1
TO-2020-EAL474,1
TO-2020-AAP562,1
TO-2020-MCI111,1
AB-2019-JCN696,0
AB-2020-ÓB007,1
CR-2020-DPP822,0
AB-2019-AEE530,0
AB-2019-ABC555,0
TO-2020-AB702,1
TO-2020-GT984,0
CR-2019-MMA099,0
TO-2020-LBC891,0
CR-2019-SP296,0
CU-2020-DER730,1
AB-2020-LPC133,0
AB-2019-MCC006,0
CR-2019-BDC546,0
CR-2020-BB330,0
CR-2019-RBC214,0
TO-2020-RDF534,0
TO-2020-PRP370,1
CU-2020-CCC465,0
CR-2020-ÁB163,1
CU-2019-JN350,0
TO-2019-JAB762,0
TO-2020-CDH827,1
TO-2020-EAG213,0
CR-2020-RHP213,0
CR-2020-CUS070,0
CR-2019-GLV072,1
CR-2020-DVR935,0
TO-2019-PÁC593,0
TO-2019-GTM690,0
CR-2019-JC701,1
AB-2019-EVL067,1
CU-2019-RR166,0
CU-2019-REP060,0
TO-2020-EGB334,0
CR-2020-CM334,0
CR-2019-AHG770,0
AB-2020-GAS171,0
AB-2020-DB639,1
CR-2020-EO992,0
TO-2020-IPL989,1
TO-2020-BAF236,0
CU-2020-ADP989,1
AB-2020-CEA240,1
CU-2019-RAR395,0
AB-2020-ABM960,0
CU-2019-PFP822,0
TO-2020-VS610,0
AB-2020-BCP590,0
TO-2019-MS096,1
CR-2019-CRA091,0
TO-2019-ERC734,0
TO-2019-RC179,0
CR-2020-JCG133,0
CR-2019-MDG624,0
CR-2019-CC604,1
CR-2019-GFA039,0
CR-2020-NMV965,0
TO-2020-ASP406,0
AB-2020-CML082,1
TO-2020-FVC036,0
TO-2020-SHB270,1
AB-2020-ML020,1
TO-2020-RVB399,0
CU-2019-EBR791,0
AB-2019-HF683,0
TO-2019-LT575,0
CR-2020-VMZ543,0
CR-2019-TMG622,0
AB-2019-APP577,0
TO-2019-NBJ035,0
CR-2019-ASM013,1
AB-2019-ICM022,0
CR-2020-AEA221,1
CU-2019-ERP438,0
CR-2019-CGM617,0
CR-2020-EAP519,0
AB-2020-LCC223,0
TO-2020-GNM163,1
CR-2019-MMS982,0
TO-2019-ACE237,1
TO-2020-AMB949,0
CU-2020-RGL178,0
AB-2019-SSV031,0
CR-2019-ÍAN423,0
TO-2019-ME022,0
CR-2019-TVC019,0
CU-2019-TDS249,0
TO-2019-CPA688,0
TO-2020-BVP626,0
CU-2019-AP146,1
AB-2019-LAP400,1
CR-2020-ÁMS109,0
AB-2019-MDB451,0
AB-2019-CGA922,0
CU-2019-ND170,0
CR-2020-DFP108,0
AB-2020-REF512,0
AB-2019-CMA712,0
TO-2020-CDM731,0
CR-2019-JMV856,0
AB-2019-EMG088,0
AB-2020-OVA681,0
CU-2019-ÁCA685,1
TO-2019-DCA868,0
CU-2019-MGG082,0
TO-2020-CPV760,0
CR-2019-GO807,1
TO-2020-VDC485,0
AB-2019-JDB898,0
CR-2019-LOB809,0
AB-2020-PP778,0
TO-2020-EAC051,0
TO-2019-VFA255,0
AB-2020-MAE913,0
AB-2019-FBG160,1
TO-2019-RMD835,0
TO-2020-VHR767,0
AB-2020-AOR548,0
TO-2020-SB006,1
AB-2019-RBB092,0
CR-2019-SSR746,1
CR-2020-JÁR553,0
TO-2020-LLA401,0
CR-2020-MVS950,0
CR-2020-CYM476,0
AB-2020-LPT209,0
AB-2019-JIZ275,0
CR-2019-JRA328,0
AB-2020-SCA591,0
AB-2020-AV930,0
AB-2020-CYV657,0
TO-2020-CRC585,0
AB-2019-CC043,0
CR-2020-CDM823,1
CR-2019-RLG700,0
CR-2019-ADF686,0
CR-2020-ÁPP935,0
CR-2020-CH489,0
TO-2020-YTB885,0
TO-2019-FSC926,0
CU-2020-CAE690,1
CR-2020-MNA853,0
TO-2019-DBV127,0
CU-2020-MLV938,0
CU-2020-MMO621,1
CR-2019-LAG028,0
CU-2020-SPP710,0
CU-2019-ADR486,0
CR-2019-NOS397,0
CR-2019-ÁOA241,0
AB-2020-MFS733,1
TO-2019-ACN000,1
CU-2020-APQ552,0
TO-2019-AAP254,0
AB-2020-EBN894,0
TO-2019-POT488,0
AB-2019-APP075,1
CR-2020-AAM228,1
TO-2019-AAA725,1
TO-2019-FCA431,0
AB-2020-EGN994,0
CU-2019-FM901,0
CU-2019-EAP824,1
TO-2019-PMC514,1
AB-2019-MJG548,0
TO-2020-IFR708,0
AB-2019-ALM276,0
AB-2020-ÚEA424,0
TO-2020-AAR427,1
TO-2019-MDS739,0
CU-2019-SPB422,0
AB-2019-ÚL535,0
TO-2020-CDL759,1
CU-2019-LFC817,0
CU-2020-AMC588,0
AB-2020-FJR815,0
CR-2020-RMN518,0
TO-2020-TQM610,0
CR-2020-GTA633,0
AB-2019-FMH798,0
CR-2019-CMC060,0
CR-2020-CSS195,0
AB-2020-AAC510,0
AB-2020-AR970,0
AB-2019-EDA280,0
AB-2019-MLV213,0
CR-2020-BRM084,0
AB-2020-NP386,0
CU-2020-SDS661,0
TO-2019-TJC467,0
CU-2020-AYM793,1
CR-2019-FZ455,0
TO-2019-SLD253,1
TO-2019-PDE377,0
CU-2020-MCE045,0
TO-2020-ECH967,0
TO-2020-AM093,0
CR-2019-CSC736,1
CU-2020-EMM509,0
CU-2019-EIC391,0
AB-2019-LM289,0
AB-2020-HEL759,0
CU-2019-JBY798,0
CU-2019-AAI713,0
TO-2019-SAA084,0
AB-2020-MCF860,0
CR-2020-CHP279,0
TO-2019-ZAS767,0
CR-2020-AP543,0
CR-2019-CN527,0
TO-2020-SAH998,0
AB-2019-CMF252,0
CU-2019-AC064,0
CR-2019-VDG420,0
CR-2019-MCP701,0
TO-2020-CRN541,1
CU-2019-RSA608,1
TO-2020-CCC219,0
CU-2019-AAC314,0
TO-2020-TJF659,0
TO-2019-DCJ073,0
TO-2020-LCV486,0
AB-2020-NMH058,1
TO-2020-CCB952,0
TO-2020-AE030,1
AB-2020-MA718,0
AB-2020-CSH433,0
TO-2020-ÁMC975,1
TO-2019-AMP012,0
TO-2020-DPB304,1
CR-2020-PRA430,0
AB-2020-ÁSO456,0
AB-2020-ÁDG103,0
CR-2020-MA371,0
CU-2020-HSZ085,0
CU-2020-GPE708,0
TO-2020-MDC857,1
TO-2019-JTL330,0
TO-2020-PJT140,0
CR-2019-MNE548,0
CR-2019-HDP494,1
TO-2019-RPR349,0
CR-2020-FSC849,0
TO-2019-LAT313,1
TO-2019-RMÁ171,0
AB-2019-EMN253,0
CU-2020-FMÁ503,1
TO-2020-MVM272,0
TO-2020-MSH453,0
CR-2019-LDC762,0
AB-2019-CS724,0
CU-2020-DNP350,0
CR-2020-JCA791,1
AB-2019-RMA322,0
CU-2019-ACO895,0
CR-2020-AGA028,0
CR-2019-AEC806,0
CU-2020-TV586,0
CR-2020-ADT502,0
TO-2019-NAV030,0
CU-2019-RLA022,1
AB-2019-MRP632,0
AB-2020-AER161,0
TO-2020-JMH253,0
TO-2019-YAL483,1
TO-2020-JRA511,1
AB-2019-NMR561,1
TO-2020-ADP030,0
CU-2020-PB579,0
CU-2019-EAL416,0
CU-2019-FGG708,0
CR-2019-RIV085,0
CR-2020-DM976,0
TO-2020-LPG406,0
TO-2020-FNP602,0
AB-2019-CP635,1
TO-2019-ASN734,0
AB-2020-MDP630,0
TO-2019-SFE223,0
AB-2020-BA618,1
TO-2019-AAR387,1
AB-2019-NQ850,1
AB-2019-JLD467,1
TO-2019-HFC357,0
TO-2020-SVP293,0
CU-2020-MSA027,0
AB-2019-OS252,0
CR-2019-RBV125,1
TO-2020-ÍP078,0
AB-2020-CRB765,1
AB-2019-SPH150,0
CU-2020-PG504,0
TO-2020-MAA421,0
TO-2019-BP489,0
AB-2019-LDC108,0
CR-2019-SDV654,0
CR-2020-NZ570,1
CU-2019-MA258,0
TO-2019-RLC385,0
CU-2020-VJ088,1
CU-2020-AA028,0
CR-2020-VPR665,0
AB-2019-PG808,1
TO-2020-ASD414,0
AB-2019-ECC299,0
TO-2019-DMS015,1
CR-2020-AAP958,1
CR-2020-BR270,1
CU-2020-SRC266,1
CR-2019-RNV833,1
TO-2019-MP695,0
AB-2019-NBB846,1
TO-2020-ABR553,1
TO-2019-MTV416,0
AB-2019-CMP137,0
TO-2019-FBC979,1
CU-2019-CFV387,0
TO-2019-CRC671,0
AB-2019-AL490,0
CR-2019-IAN703,1
CR-2019-AOP114,0
CU-2020-YLM194,0
AB-2020-TTJ422,0
CR-2020-FSR040,0
AB-2020-TCR904,1
CU-2019-SBB092,1
CR-2020-LG778,0
CU-2020-ÍDC274,0
CU-2020-CBN594,1
AB-2020-JMA988,0
AB-2019-FTE492,1
TO-2020-DML656,1
CU-2019-IM379,0
TO-2019-DB065,0
AB-2020-CT053,0
TO-2019-BG914,0
TO-2020-VGC337,0
AB-2020-PAM823,0
CR-2020-NG359,0
TO-2020-SMB217,0
TO-2019-AV754,1
CR-2019-AJM123,0
CU-2020-XPB110,0
TO-2019-MC232,0
TO-2020-MAM766,0
TO-2019-CIV604,0
CU-2019-AFJ822,0
CR-2019-DCC469,0
AB-2019-GPP934,1
CR-2020-CDU593,0
AB-2019-GAL737,1
TO-2020-SAR949,0
AB-2019-ANY277,0
CR-2019-AOG459,0
AB-2019-ÍF785,0
AB-2019-DSS874,1
AB-2020-RMC989,1
TO-2019-BAR782,0
AB-2019-FPP892,1
CR-2020-MMC592,0
CR-2020-OI631,0
CU-2019-ÁMP338,0
CR-2019-CMB350,0
AB-2020-AMB329,1
TO-2020-BDA071,0
AB-2019-MDC768,0
TO-2019-AG055,1
CR-2020-AAL665,1
AB-2019-ERP039,0
TO-2019-PRC876,0
AB-2019-ESB600,1
AB-2019-EAF898,1
CR-2020-LÁ786,1
TO-2020-AAV279,1
CR-2020-HCL725,1
AB-2020-NMV243,0
TO-2020-PRL478,0
CU-2019-EOE616,0
TO-2019-GNE922,1
CR-2020-NLB693,0
CU-2020-HLC942,1
TO-2020-PAD868,0
TO-2020-RMC421,0
TO-2020-TIC862,0
AB-2020-GPA783,0
TO-2019-PHQ102,0
CU-2019-PC948,0
AB-2019-AAF402,0
CR-2019-MLB165,0
CR-2020-SRR610,1
CR-2020-ASO624,0
CU-2020-CAP728,0
TO-2020-AGB236,0
CU-2020-GDR408,0
CR-2019-DHP767,0
AB-2020-LP143,0
TO-2020-SMT708,0
CU-2019-ÁCA386,0
CR-2020-ÚIN552,0
CR-2019-OGB476,0
CR-2019-GBB868,1
CU-2019-CCF725,0
TO-2020-CBV257,0
CR-2020-ECV260,0
CR-2019-YA058,1
AB-2019-SH753,0
TO-2019-MMA157,0
TO-2020-TAH952,0
AB-2019-FJC204,1
AB-2020-EAB136,0
CR-2019-GFC752,0
AB-2019-HAS599,1
TO-2019-IH090,0
AB-2019-BDC950,0
TO-2020-AMR845,1
AB-2020-PDA893,0
AB-2020-IVV895,0
AB-2019-PQ696,0
CR-2019-BEA018,0
CU-2019-DAB235,0
TO-2019-ZOO598,0
TO-2020-ÓJ365,0
CU-2019-ECA801,1
TO-2019-HDR910,0
AB-2020-RCG545,0
AB-2020-SFP292,0
TO-2020-GB025,1
TO-2020-TCA657,0
TO-2019-ABS332,0
TO-2020-ROB405,0
CR-2020-RSJ603,0
TO-2019-FB816,0
TO-2020-MDM802,0
CU-2020-LDA537,0
CR-2019-EAV345,0
AB-2020-DH027,0
AB-2020-SBD404,0
CR-2019-CLN672,1
TO-2020-EDS164,1
CU-2019-TA948,1
CR-2020-CR122,0
TO-2020-BLA798,0
TO-2019-CAM617,1
TO-2019-ARR192,1
AB-2019-CDH656,1
TO-2020-LLQ684,0
TO-2019-MHM239,0
TO-2019-VNV789,0
TO-2020-NCG708,1
AB-2019-JCV997,0
AB-2019-GDC356,0
AB-2019-GAM562,0
TO-2019-SLM982,1
TO-2019-NSP792,0
TO-2020-ECR797,0
AB-2020-SIL516,0
CR-2019-IJC595,0
AB-2020-ESC597,1
CR-2020-ARF824,0
AB-2019-MÁA751,0
AB-2019-ECP805,0
TO-2019-CCL784,0
TO-2019-NGR124,0
AB-2020-CDH229,1
TO-2019-PGB401,1
CR-2019-TDM491,0
CR-2019-FIA276,1
AB-2020-SSL857,1
TO-2019-TFB908,0
TO-2019-EM663,0
AB-2020-CAD479,0
CR-2019-HMC873,1
TO-2020-EA028,0
AB-2019-EMB413,0
AB-2019-JJH249,0
CR-2020-JQP471,0
TO-2019-MDC859,0
AB-2020-MCT194,1
CR-2020-JAA382,1
TO-2020-JMN727,0
TO-2019-DS654,1
AB-2020-IDA362,0
TO-2019-RB057,0
TO-2020-ADP176,1
CU-2019-JPV396,0
CU-2019-BUD498,1
TO-2020-MÁG469,1
CU-2020-VPD414,0
TO-2020-ADG628,1
AB-2019-SPS956,0
TO-2020-RD605,0
CR-2020-FAN414,0
TO-2019-EMI951,0
AB-2019-ADP408,0
TO-2020-ADC074,1
TO-2019-MPA344,0
CU-2019-OTB155,0
AB-2019-CDJ635,0
TO-2020-IBM385,0
CU-2019-GPE918,0
CU-2020-CCS894,0
CR-2020-RMA741,0
CR-2019-KDF361,0
AB-2020-GG561,1
TO-2020-DE347,0
TO-2020-LRJ767,1
CU-2020-ACV051,0
CR-2019-VEP741,0
CR-2019-MSR469,1
AB-2020-ADR483,0
AB-2020-MAB813,0
CR-2019-EPM301,0
TO-2020-DMN584,0
TO-2019-LDG981,1
CR-2020-IM293,0
CR-2020-FFT732,0
CR-2020-LTY406,1
TO-2019-AFG687,0
AB-2020-GCR341,0
CU-2020-EMM975,0
CU-2020-ATA560,1
CR-2020-GBA675,0
TO-2020-CSM710,0
AB-2019-ERB404,0
TO-2019-HAA445,0
AB-2020-MC716,0
TO-2020-MP180,0
TO-2020-BDR480,0
AB-2019-AP811,1
AB-2019-ÁCC971,1
CU-2019-AR410,0
CU-2020-ZCF971,1
AB-2020-MDR436,0
CR-2020-ACV687,0
AB-2020-EDL563,1
AB-2020-JSC499,0
AB-2019-IT120,1
TO-2019-EMS192,0
CU-2019-ANP422,0
AB-2019-JLG281,0
AB-2019-CDB502,1
AB-2020-CP469,0
CU-2019-MDG610,1
AB-2019-DSM595,0
CR-2020-MTL082,0
TO-2020-JDJ921,0
TO-2019-QCP101,1
AB-2020-AF635,0
TO-2019-TR416,0
CR-2020-FMG020,0
CR-2020-RSJ537,1
TO-2020-JPL376,0
CR-2020-MOG882,0
CR-2019-ATF519,0
AB-2020-LJM694,0
AB-2020-PHC517,0
CR-2019-DPF320,0
AB-2019-CVM144,0
TO-2019-JPH928,0
TO-2020-MBS199,0
AB-2019-NSP029,0
AB-2020-DHR356,0
CR-2019-LPA466,0
CR-2019-AJC588,1
AB-2019-BF771,0
CR-2020-CSB253,0
CU-2020-CF753,0
TO-2019-ADP569,0
TO-2019-CDM944,0
CU-2019-LL473,0
TO-2019-RDG322,0
TO-2020-EC386,1
TO-2019-YAS792,0
AB-2019-PMA881,1
CR-2019-RDT527,0
AB-2019-FCB416,1
CU-2019-FBP623,0
CR-2019-OCV142,0
CU-2019-ÁPO460,0
CU-2020-MAB767,0
CU-2019-SPB205,0
TO-2020-HPM613,1
CR-2020-ISE588,0
CU-2019-FFP970,0
CR-2019-VCA154,0
AB-2020-AAA008,1
CR-2019-EBC988,0
TO-2020-AS139,0
CR-2020-MSP010,0
AB-2019-VSV648,0
TO-2019-CC673,1
TO-2019-FS224,1
CR-2019-CVA464,1
TO-2020-MGT805,1
TO-2019-SAA290,0
TO-2019-GO562,1
AB-2019-FLI279,0
CR-2019-APB324,0
TO-2019-MDB722,0
CU-2020-ATS957,0
TO-2020-AML292,1
TO-2019-FL795,0
CU-2020-RPM630,0
TO-2020-ÓLP712,0
AB-2019-RYG284,1
CU-2020-ACC424,1
TO-2019-CAH077,0
CR-2019-CPS730,0
AB-2019-RDC601,0
CU-2019-RÁM307,1
CR-2019-RAS655,1
CU-2020-FCB543,0
TO-2020-DVG635,1
CR-2019-LÁD333,0
TO-2019-CB038,0
TO-2020-CB400,0
CR-2020-CAS469,0
CU-2020-GDV602,0
CR-2020-PBS191,0
TO-2019-SB665,0
CU-2019-CC562,0
AB-2019-NEV871,0
AB-2020-SCB281,1
AB-2020-MC119,1
CR-2019-LPF950,0
CR-2019-BPC010,0
TO-2019-EPG918,1
TO-2019-CB245,0
CR-2019-SP624,0
CR-2020-TRS035,0
CU-2020-DFA429,1
AB-2020-FBR002,0
TO-2020-ROV487,1
CU-2019-CMD925,0
AB-2020-AAJ791,0
AB-2020-FDB016,1
TO-2019-SDA256,0
TO-2020-FJB475,1
TO-2019-EGT834,1
CR-2020-RTE436,1
CR-2020-SMB013,1
CU-2020-AAR736,0
CR-2020-HDT446,0
CU-2020-RMM649,0
AB-2019-CRC823,0
CR-2020-ATC735,0
CR-2020-JRG760,0
TO-2020-ADC776,1
CR-2020-ACR814,0
CR-2020-MG289,0
CU-2019-LAL088,0
CR-2019-IRG856,0
TO-2019-NT743,0
CU-2020-SCC252,1
CR-2020-EAC853,0
CR-2020-ÁDA274,0
AB-2019-CBC047,0
AB-2019-JBB139,1
CR-2020-CLM310,0
TO-2019-HDB629,0
AB-2019-CDV037,0
AB-2020-FM438,1
TO-2019-VBP573,0
TO-2019-CSP656,0
AB-2019-LA855,0
CR-2020-JEB667,0
CR-2019-NFF136,0
TO-2020-JDA370,0
CR-2020-NIS173,1
CR-2019-ATB861,0
TO-2020-JP431,0
CR-2019-NS552,0
AB-2020-ROA250,0
AB-2019-MLT102,1
CR-2019-FCM703,0
CU-2020-PVM657,0
CR-2020-BCG738,0
AB-2019-NME408,0
CR-2019-DN414,0
CR-2019-LS067,0
CR-2019-ABG897,0
TO-2020-BRB151,0
CR-2019-JCD486,0
TO-2019-ABF096,0
TO-2019-CML187,0
CU-2019-RMP332,0
TO-2020-MLA788,0
TO-2020-BPV238,0
CR-2019-CB591,1
TO-2020-CS482,0
CR-2020-ARC561,0
TO-2020-PÁR656,0
AB-2020-RSC721,1
CR-2019-CO240,0
CR-2019-ACA749,0
CR-2019-ADM089,0
CU-2020-RT563,1
CR-2020-EBR371,0
TO-2019-LDC345,0
CR-2020-STV129,1
AB-2020-CLP689,0
TO-2019-ALM713,0
TO-2020-JSM967,0
CR-2020-CAM619,0
TO-2019-BBM020,1
AB-2020-FJC055,0
TO-2020-ADC155,0
CU-2020-FM588,0
CR-2019-NAS227,0
TO-2020-EPS980,1
TO-2019-JCB128,0
AB-2019-HEP788,0
CU-2019-ACC652,0
CU-2019-DDB284,0
CR-2019-FPA959,1
CU-2020-DB673,0
TO-2019-BBA644,0
CR-2019-RC559,0
TO-2019-AAM458,0
AB-2019-LDL199,1
CR-2020-ÁAS913,0
AB-2020-OBM429,0
CR-2019-MM449,1
CU-2019-ESN490,0
AB-2020-AGV053,0
TO-2020-RDB933,0
TO-2019-ADA586,0
AB-2020-AEP774,0
TO-2020-EHV482,0
TO-2020-PTP644,0
TO-2020-JCP617,0
TO-2020-MDA027,1
AB-2019-PPM408,0
CR-2020-GL888,0
TO-2020-GAR740,0
CU-2020-DOB965,1
CR-2019-DMI159,1
TO-2019-EDJ422,0
CU-2019-CGB442,0
TO-2020-SB499,1
TO-2019-CBP799,1
CR-2020-EÁ699,0
TO-2020-FPC991,1
CR-2020-EEC253,1
AB-2020-PLM554,1
TO-2019-TC280,0
CR-2020-QPP308,0
TO-2019-LDJ184,0
TO-2019-SEP699,0
AB-2020-MPV513,0
CR-2019-NLL783,0
CR-2019-JFB185,0
TO-2019-EPP519,0
CU-2020-AGS032,0
TO-2020-ERC603,0
AB-2020-NMC686,0
CR-2020-CSM343,0
TO-2020-EA004,0
AB-2019-MAJ555,0
AB-2019-FBB220,0
AB-2019-EOB241,1
CR-2019-LCM625,0
AB-2020-ACP124,0
TO-2019-EUC699,1
TO-2019-DCB344,0
CU-2020-MLB950,0
TO-2019-CS454,1
AB-2020-IPM259,1
TO-2019-NDV145,0
CR-2019-VR935,1
CR-2019-ÁDE388,0
AB-2019-DPM932,0
TO-2019-AAT976,1
CU-2020-EV796,1
TO-2019-MDC136,0
TO-2019-NM090,1
AB-2020-ARP347,1
CR-2020-VQ256,0
CU-2020-SP860,0
CU-2019-AVC222,1
TO-2019-ODV186,0
AB-2019-GG800,1
TO-2020-LDC971,1
CR-2020-FBR342,0
CR-2020-FA898,0
TO-2019-VBC788,1
CR-2020-ON347,0
AB-2019-PA240,0
CR-2020-MDB471,0
CU-2020-TDC761,0
CR-2020-RFE846,1
AB-2019-PPP200,0
AB-2019-PJP431,1
CU-2020-PEE112,0
TO-2019-GTS295,1
AB-2020-SY433,0
AB-2019-BSF860,0
CR-2020-AR324,0
CR-2020-RVH047,0
TO-2019-WDE107,1
TO-2020-OS077,1
AB-2020-HO773,0
AB-2020-AER110,0
TO-2019-PA234,1
CR-2020-TRM008,0
CR-2020-PPE195,1
TO-2019-RAF827,0
CU-2020-ADE448,1
AB-2019-BBE372,0
AB-2019-NMC787,1
CU-2019-ÁCE409,0
CU-2019-HVO484,0
AB-2019-CH541,0
CU-2020-HDM555,0
AB-2019-PSR492,0
TO-2020-RCJ653,0
TO-2020-CVA643,0
CR-2019-AMB661,0
AB-2019-FMO444,0
TO-2019-RAB990,1
CU-2020-RFA593,0
TO-2020-AAO138,0
AB-2019-OPB631,1
TO-2019-LGE357,0
CU-2020-RÁV582,1
CU-2020-MHP404,0
AB-2019-LB815,0
TO-2020-SM758,0
TO-2019-AJV112,0
TO-2019-MZC747,0
TO-2020-RSJ781,0
TO-2020-SDC138,0
TO-2019-CMO581,1
AB-2019-MCA335,1
TO-2020-LDL192,1
CU-2019-OBC989,1
AB-2020-FJF339,1
CU-2019-JRP548,0
TO-2019-RMS853,0
CR-2020-CGM698,0
TO-2019-SN340,0
AB-2020-AFN364,0
AB-2020-CDA090,0
TO-2020-AC317,0
CR-2020-NTE827,1
CR-2020-MCG996,0
AB-2020-IVA722,0
TO-2019-ABL928,0
CR-2020-JPS865,0
AB-2020-CL838,1
CR-2019-BTM944,0
CR-2019-ASB091,0
TO-2020-OFD648,0
TO-2020-GGC936,1
AB-2019-MPV755,1
TO-2019-JN017,0
CU-2019-SAC938,0
CU-2019-JBU141,1
AB-2020-IGA502,0
CR-2020-LCG034,0
TO-2019-MAU406,0
CR-2020-LLF183,1
TO-2019-OB589,0
CU-2019-CCR537,0
TO-2020-PGP514,0
TO-2020-RLB171,0
CU-2020-FCA459,1
TO-2019-CO946,0
AB-2020-SHL934,0
AB-2019-AG419,1
CU-2019-RBJ980,1
TO-2019-CAÁ548,0
TO-2020-PMB679,0
TO-2019-AAB057,1
TO-2019-PMB158,0
TO-2020-SS605,1
CU-2019-SCA874,0
TO-2020-YDN467,0
TO-2019-PV575,0
CR-2020-ESS627,0
TO-2020-CBM077,1
TO-2020-GDG458,1
CR-2020-UCF291,1
TO-2020-NBM972,0
TO-2020-VPE214,0
CU-2019-NDF286,0
AB-2019-FPM451,0
CR-2020-XTS725,0
TO-2019-VSA222,1
AB-2020-DAL231,1
AB-2019-VCM392,0
CU-2019-ARN605,0
CR-2020-ML468,0
CR-2020-DOV444,0
CU-2019-FGÁ421,1
CR-2019-HNM110,0
AB-2020-IBH423,0
AB-2019-JMB344,0
AB-2019-JAD966,1
CU-2020-EPA524,0
TO-2020-VLN472,0
TO-2020-ÁMF816,1
AB-2019-SDV090,0
AB-2020-PCC663,0
AB-2019-RDA070,1
TO-2020-FSO327,0
AB-2019-EG441,1
TO-2019-MPN234,0
AB-2020-PM888,0
AB-2020-PP455,0
CR-2020-EB777,0
CR-2020-VSB336,0
CU-2020-MVP308,0
CU-2019-SBB858,0
CU-2020-OMÁ329,1
CR-2019-RCA530,1
CR-2020-IPV792,0
CU-2019-AR622,0
TO-2020-ECS386,1
CR-2019-LCC179,1
CR-2020-CGA313,1
CR-2020-ÍÁL246,0
AB-2019-CDM495,1
CR-2020-RIP721,1
CU-2019-NR600,0
AB-2020-PDE474,1
AB-2020-AJL632,1
CR-2019-EBP754,0
AB-2019-ERV960,0
TO-2020-ASE874,0
CR-2019-MÁS612,0
TO-2020-BBG760,0
TO-2020-JDB894,1
CU-2019-MTL376,1
AB-2020-EPB214,0
TO-2019-CCB981,0
TO-2019-MCD559,0
AB-2019-MBC011,0
CR-2020-PPI552,1
TO-2020-DAC816,1
TO-2019-ÁCC028,1
AB-2020-LSA644,0
AB-2020-JAI510,0
TO-2019-XRM642,1
TO-2019-JSP426,1
CR-2020-GDE767,0
CR-2020-LL563,0
CR-2020-CAB580,0
TO-2020-FDB644,0
TO-2019-MCJ042,0
TO-2019-CFO095,0
CU-2020-MER789,0
CU-2020-ERV843,0
TO-2019-FCT220,0
CU-2020-MPC495,0
CR-2019-ADC118,0
AB-2020-FB716,1
AB-2020-ALV998,0
CU-2019-PDC926,0
CR-2020-FM346,1
TO-2020-APC251,0
AB-2019-JJN644,0
CR-2019-COC711,0
TO-2019-BJV557,0
CR-2020-ADB715,0
CU-2019-PGM121,0
CR-2020-MEL137,0
AB-2019-MCL960,0
AB-2019-SSA160,0
CR-2019-JPA247,1
TO-2020-PCL763,1
CR-2020-IC958,1
AB-2019-CAR703,0
CR-2020-FR264,0
CR-2019-SP390,0
TO-2019-EVA206,0
CU-2020-WM339,0
TO-2020-RMC775,1
CU-2019-RCB406,0
TO-2020-JAA091,0
TO-2019-LBA236,0
AB-2019-BSC037,1
CR-2020-RSG285,0
AB-2020-PC117,0
CR-2020-MNM982,0
AB-2020-TDC654,0
AB-2019-RU107,1
CR-2019-BRT471,0
TO-2019-ERV284,0
AB-2020-ACH402,0
TO-2019-HPT866,1
TO-2019-MVA471,1
TO-2020-LH781,0
CR-2020-FSM941,1
CR-2020-DDP527,1
TO-2020-AFR999,0
TO-2020-PP573,0
TO-2019-PB313,1
AB-2019-EF784,1
CU-2019-AG093,1
CR-2020-LBJ678,0
TO-2019-AAD441,0
CR-2020-GAM349,0
TO-2020-NPL668,0
TO-2019-LDB742,0
CU-2020-VHG986,0
TO-2019-UM526,1
CR-2020-JSS503,0
AB-2020-CIV142,0
TO-2020-PS483,1
AB-2020-FCC403,0
CR-2019-VMA143,0
TO-2020-GC654,1
CR-2020-SAV515,0
CU-2020-FAA702,1
CR-2019-ASC103,0
CU-2020-VMB228,0
TO-2020-ÓGC570,0
CR-2019-LPL527,1
AB-2020-NPR459,1
TO-2019-LC934,1
CR-2020-MBS024,0
CR-2020-NC975,0
CU-2019-AHH581,0
TO-2020-GRA865,1
AB-2019-SLJ062,0
CU-2020-VTP536,0
CR-2020-JMN011,0
CU-2019-IBP633,0
CR-2019-XM887,1
TO-2019-AOB136,0
CR-2019-ODM726,0
CU-2019-OCB649,1
CU-2019-SVL643,0
TO-2019-BBA573,0
CR-2020-OCC848,1
CR-2020-PC176,0
TO-2019-DVD487,1
AB-2020-ADB556,0
CU-2019-MAM157,0
AB-2019-SPL231,0
CR-2020-BLM572,0
CR-2019-TPM336,0
CU-2019-FHC858,0
CU-2019-SAR842,1
CU-2019-ECB566,0
CR-2019-PGR592,0
AB-2020-JL761,1
CR-2019-RF704,0
TO-2019-CDF499,0
CU-2019-BDB914,0
CU-2020-ECF168,1
TO-2020-HAL378,0
TO-2020-CB656,1
CR-2020-MTC199,1
AB-2020-RM375,0
CU-2020-CAA137,0
CU-2019-AAC040,1
AB-2020-RS557,0
CU-2019-SÁ524,1
CR-2019-MM851,1
TO-2019-EPP237,1
AB-2019-JSV592,0
AB-2020-TD944,0
TO-2019-BLP506,1
TO-2019-BHS050,0
TO-2020-CCA133,1
TO-2020-ARM949,0
TO-2020-GCA915,0
CR-2019-DLA099,0
AB-2020-CTP176,0
CR-2019-AOH277,0
CR-2020-CVT305,1
AB-2020-MDA332,1
AB-2020-LDM312,0
AB-2020-FCE588,0
CR-2019-JRP114,0
TO-2020-FMN572,0
TO-2020-MGA248,0
TO-2020-SGB322,1
CU-2019-NLH362,0
CU-2020-AAA456,0
CR-2020-CN426,0
AB-2019-ACL633,1
TO-2020-AAD620,1
AB-2020-EIG827,0
CR-2020-JSC762,0
CU-2020-TL902,0
CU-2019-PDL965,0
CR-2019-AA017,1
CR-2019-DCL479,1
TO-2019-MAC360,1
TO-2020-SEP193,0
TO-2020-CDO118,0
CU-2019-HBA146,0
AB-2019-AAR740,1
AB-2020-VDR612,0
CR-2020-CTL749,0
AB-2020-MAP965,0
TO-2019-LPA086,0
CU-2020-EMC703,0
TO-2019-DLJ031,0
CR-2020-RJ965,1
CU-2020-WBS107,0
CU-2020-IEC596,0
AB-2019-AP625,0
TO-2019-RT149,1
AB-2020-TRM523,0
AB-2019-MÁG252,0
CR-2020-MLH227,1
AB-2020-MA503,0
TO-2020-BHB197,0
CU-2019-AOA478,0
AB-2020-ACE439,0
CR-2020-ÍDB805,0
TO-2020-RPO233,0
CU-2019-BPV163,0
AB-2019-PBC677,0
AB-2019-MP443,0
AB-2020-ADM077,0
AB-2020-EPI471,0
TO-2019-POB776,1
AB-2019-RAF888,0
CU-2019-AFA754,1
CR-2019-JMC269,0
TO-2019-JC064,0
CU-2020-MM864,0
CU-2019-LV227,1
CR-2020-AMM509,1
CR-2019-ME634,0
CR-2019-ZAL545,0
CU-2020-FRG980,0
CR-2019-VG529,1
TO-2020-MP565,1
AB-2019-CLB872,1
CU-2019-SFC396,1
TO-2020-APG944,0
TO-2019-MC949,0
TO-2020-LD455,0
TO-2019-GMR588,0
CU-2020-VDM056,0
TO-2019-LSM168,0
AB-2019-GMO662,1
TO-2020-AAT692,0
AB-2019-SME871,0
TO-2020-KCM329,1
TO-2020-EQC603,0
CU-2020-ILF798,0
AB-2019-RMM698,0
AB-2020-CSE223,0
TO-2019-AT570,0
AB-2020-IMA670,1
CR-2020-BON531,1
CU-2020-MDB760,1
AB-2019-RVB550,0
CR-2019-DSB411,1
CU-2020-ÁT153,1
CR-2020-VB059,1
TO-2019-NMA233,1
AB-2019-NT667,0
AB-2020-HHM103,0
CU-2020-EMV320,0
AB-2019-AEG918,0
TO-2019-SPM875,0
CR-2020-MCR825,0
AB-2019-EP666,0
CR-2020-OVH296,0
AB-2019-TF138,1
TO-2020-ISR697,0
CR-2020-EPN768,0
AB-2020-JRS318,0
AB-2019-ACL856,1
CR-2020-IL716,0
AB-2019-QRS614,1
CR-2019-JRJ142,0
CU-2020-SJV666,0
CR-2020-AMP145,0
TO-2019-BAQ419,0
TO-2019-FDB806,1
CR-2020-RBS590,0
AB-2019-AAM627,0
CU-2020-MAG278,1
TO-2020-AS326,0
CR-2019-SEM619,1
CU-2020-LD835,0
TO-2020-ZBF782,1
CU-2020-ÉN236,0
CU-2020-LMD815,0
TO-2019-JBM748,1
TO-2019-YF438,0
AB-2020-EA142,0
AB-2020-MLG455,0
AB-2019-LBB639,0
CR-2019-TDV720,0
TO-2019-MRR263,0
CR-2020-LJP865,0
TO-2020-GAC091,0
CR-2019-ESV855,0
CR-2019-LAC198,0
CR-2020-NT447,0
CU-2020-GMS758,0
CR-2020-CFC614,0
CU-2019-ICS699,0
CU-2019-EDB647,1
CR-2020-LDM090,0
CR-2019-FMN226,0
AB-2020-EDR520,0
AB-2020-PSA647,1
TO-2019-JFP031,0
TO-2020-CCL067,0
TO-2020-ABP780,1
TO-2020-FSC522,0
CR-2020-SM133,1
TO-2019-FVL387,1
AB-2020-FJC217,0
CR-2019-MLB806,0
TO-2020-TR509,0
AB-2019-PMP728,0
CU-2020-RPM252,1
TO-2019-VMP284,0
CR-2020-HBR787,1
TO-2020-ISC627,0
AB-2019-CCZ804,0
CR-2020-JLP623,0
TO-2019-CDG561,0
TO-2020-ADV265,0
TO-2020-PDA546,1
CU-2019-BAV639,1
TO-2020-GMA975,0
CR-2020-NC718,0
AB-2020-LN855,0
TO-2020-DAC430,1
AB-2020-SD341,0
CU-2020-GCT042,1
TO-2019-CP711,0
CR-2019-AAA662,1
CR-2020-JMM548,1
TO-2020-CC936,1
CR-2020-MBP040,0
CU-2020-ODM457,0
CU-2019-AVI849,1
CR-2019-GPS551,0
CR-2019-YMR800,0
AB-2019-LDS386,1
CU-2020-CE047,1
CR-2020-LP305,1
TO-2020-EMF417,1
TO-2020-SS277,1
AB-2019-OST802,0
CU-2019-RDS579,0
CR-2019-LAR093,0
TO-2019-JMT483,0
TO-2019-VMF107,1
CR-2019-BAL871,0
TO-2020-MT336,1
TO-2020-CR771,0
CR-2020-GAS713,1
TO-2020-SSF697,0
CU-2019-YPC784,1
AB-2019-SFV676,1
AB-2020-LDS199,1
AB-2020-SRR982,0
CU-2020-MAG072,0
AB-2019-DCI287,0
AB-2019-JBD369,1
CU-2020-MP784,1
TO-2019-AAA080,0
TO-2019-ÁDR699,0
CR-2019-CN842,1
AB-2019-RPA207,0
CR-2019-CGL875,0
TO-2020-ABC728,0
TO-2020-ACA152,1
TO-2020-IGF766,1
CU-2019-AHG810,1
AB-2020-JMP935,1
CU-2020-LBP022,0
CU-2019-MDO231,0
TO-2020-DBV645,0
TO-2020-IGD283,0
CU-2020-AGT999,1
AB-2019-PMS765,1
TO-2019-ZAC353,0
CR-2020-AS772,0
TO-2019-ACC284,0
AB-2019-MVA935,0
AB-2019-HLG361,0
CR-2020-VR615,1
TO-2019-RNG486,0
CU-2019-BC465,0
CR-2020-AAL336,0
AB-2020-JAN498,1
AB-2019-HO024,0
AB-2019-RML337,0
CR-2019-ADL845,1
CR-2020-AML240,0
CU-2020-ETR103,0
TO-2019-HPG850,0
CR-2020-VGP857,0
TO-2019-IDB625,0
CR-2020-JAT661,0
CU-2019-LCT689,1
CR-2019-NB101,0
CR-2020-NFE724,0
CR-2020-FAA200,0
CR-2020-AR813,0
CR-2020-CDA116,0
CR-2019-RDB700,0
AB-2019-CMZ934,0
AB-2020-BVP880,1
CU-2020-YDS129,1
CR-2019-TLN502,0
TO-2019-ACG066,0
CR-2020-KHF907,1
CR-2019-LU808,0
CU-2020-EAP094,1
TO-2020-LG264,0
TO-2019-RDC355,1
TO-2019-CAS692,0
AB-2019-VP870,0
AB-2020-AAS973,1
TO-2020-DPR445,0
AB-2019-JFE986,1
CR-2019-BMC917,1
AB-2019-VSP218,0
CU-2019-CEA296,1
CR-2019-RM228,0
CR-2020-JC912,1
TO-2019-EHZ948,0
CR-2019-SDV151,1
TO-2020-MR093,0
AB-2019-LDI639,1
AB-2020-SBR089,0
TO-2019-PQM717,1
CU-2019-EAA433,0
TO-2019-XNV115,0
CR-2019-MEC985,1
TO-2019-JMP086,0
CU-2019-IDV064,0
TO-2020-OZP744,1
AB-2020-SDP968,0
AB-2019-BBV608,0
TO-2020-MPH137,0
CU-2020-MCF187,0
AB-2020-RM809,1
TO-2019-AMP074,0
TO-2019-RSR510,0
CU-2020-ECR946,1
AB-2020-AMS759,1
AB-2020-CBN782,0
CR-2020-JP007,0
AB-2020-ACZ968,0
TO-2019-BAE961,1
CR-2020-RCM852,1
CU-2019-ARS418,0
TO-2019-GRG134,0
TO-2019-PDG917,0
CR-2020-LHI611,0
TO-2019-IMJ440,0
CU-2019-GNB649,0
AB-2019-VRF158,0
TO-2019-PP345,0
TO-2020-ESF042,1
AB-2019-AAO567,1
CU-2020-TDL948,0
AB-2020-EUA549,1
AB-2020-ACR598,0
CU-2019-VLN648,1
TO-2019-MHA651,0
CR-2020-PGP371,0
AB-2020-ANT866,0
CR-2019-AAA560,0
AB-2020-HC292,0
CU-2020-MÁG689,0
TO-2019-LGN647,0
TO-2020-IDR666,1
AB-2019-ADV978,1
TO-2019-JVG838,0
TO-2019-LG673,0
AB-2020-NEF339,0
CR-2020-JRS530,1
TO-2020-TBA224,0
CR-2019-FRJ875,1
CU-2020-JAJ188,0
TO-2020-ADE006,0
TO-2019-RLB095,0
TO-2020-QBL846,0
TO-2019-SP820,0
CU-2019-AAS273,0
CR-2020-HGJ405,0
TO-2020-DG588,0
CU-2019-CCB723,0
CR-2020-CV475,1
AB-2020-MDL801,0
AB-2020-CAE305,1
CR-2020-FMB031,0
AB-2020-JMA597,0
CR-2020-SDV496,0
TO-2019-SRO730,0
TO-2020-JCT286,0
CU-2019-ERJ748,0
AB-2020-ASL658,1
TO-2020-BPE774,0
CU-2020-IDR372,1
CU-2019-SBC342,1
CR-2019-SLT681,0
TO-2019-PSS029,0
CR-2019-ICA757,0
TO-2020-LOA263,0
AB-2019-LMU908,0
TO-2020-LDO758,0
CU-2019-OSP684,0
AB-2020-GAE572,1
AB-2019-MAB246,1
CU-2020-AVC379,0
TO-2020-ILC172,1
AB-2020-JOV038,1
CU-2020-CDR274,1
CR-2020-MBJ205,0
CR-2019-MJA458,0
AB-2019-JÁP169,1
CR-2019-GEF967,1
AB-2020-BBA009,0
TO-2019-MDÁ913,0
TO-2020-MAN649,1
TO-2019-VV438,0
CR-2020-IMC464,0
CR-2019-MPC264,0
CU-2019-JBT731,0
TO-2020-RPM868,1
TO-2019-RR998,0
CR-2019-ARN393,0
CR-2019-ALS868,0
TO-2019-AB996,0
AB-2020-PNC962,0
AB-2019-CRA870,0
CR-2019-CTE440,1
CU-2019-JLV800,1
TO-2019-DUA635,0
CU-2019-CDB167,1
AB-2019-CMP295,0
TO-2020-FA368,1
CR-2020-RVG581,0
TO-2019-EC223,0
CU-2020-CBA466,1
TO-2019-ÚNP203,0
CU-2020-XET800,0
TO-2019-GC759,0
TO-2020-GDT943,0
CR-2019-NZ160,0
CR-2020-MF881,0
TO-2019-CV885,1
CU-2019-AD936,1
CU-2020-MAV034,1
AB-2019-EE311,0
TO-2019-ADM286,0
CR-2020-LGC467,0
AB-2020-RAC957,1
TO-2020-XB004,0
TO-2019-EFC979,0
AB-2019-ALC614,1
CU-2019-IJ285,0
TO-2019-JO028,1
AB-2019-NRP946,0
AB-2019-DDC304,0
AB-2019-ATS287,0
CR-2020-CBC793,0
TO-2019-OBS489,0
CR-2020-EDG536,0
AB-2020-RRA387,0
TO-2020-CDF036,0
AB-2020-JB676,1
TO-2020-CJC151,1
TO-2020-EMV875,0
TO-2019-ZGT503,1
AB-2019-MD459,0
CR-2020-BP209,0
TO-2019-RTR594,0
AB-2020-GDM227,0
CU-2019-JSN250,0
TO-2020-ACC871,1
CR-2020-CV164,0
CR-2019-MIV333,0
CU-2020-JGA412,1
CR-2020-APC867,1
AB-2019-PSM239,0
CU-2019-LPL034,0
CR-2019-AA656,0
AB-2020-MFM640,0
TO-2020-MFP391,0
TO-2020-PMB618,0
AB-2019-MBP748,0
TO-2020-ETM613,0
CR-2020-EB790,0
AB-2019-FDM183,1
CR-2019-AGC481,0
AB-2019-GOP130,0
CR-2020-JIQ720,1
CR-2020-MTB807,1
CR-2020-IB203,0
AB-2019-FJR761,0
TO-2019-CDB366,1
CR-2020-ALG958,0
CU-2019-CRC726,1
AB-2019-TDF998,0
TO-2019-FRM221,1
AB-2020-VJV819,0
CU-2019-MJT666,0
AB-2019-FPP180,0
CR-2020-ZPB606,0
TO-2019-MCF389,0
CU-2019-ÁDA475,0
AB-2019-JDC352,0
TO-2019-VSS187,0
TO-2020-DBV006,0
AB-2020-BAS714,1
AB-2019-EAG294,0
TO-2019-TSA954,0
TO-2019-LPC277,1
AB-2020-ÍDC873,0
TO-2019-TDM349,1
AB-2020-VTV331,1
TO-2019-AFV066,0
TO-2019-NCG726,0
AB-2020-ADV619,0
CR-2020-DCG380,0
TO-2020-RB378,0
TO-2020-HPV018,0
TO-2020-OP511,0
TO-2019-RDM562,1
CU-2019-PMI253,0
TO-2020-AAF137,1
AB-2020-FÚA990,0
TO-2019-AEÁ631,0
TO-2020-SDV788,0
CR-2019-CDB145,0
CU-2019-GS642,0
CU-2019-FSC206,0
CR-2019-GDT074,1
TO-2020-RPP582,0
AB-2019-RCI220,0
TO-2019-ES961,0
CR-2020-TCM001,1
CU-2020-ES365,0
TO-2019-ETC125,0
AB-2019-MJP803,0
TO-2020-EEM422,1
CR-2019-MSV858,0
AB-2019-TDA522,0
AB-2019-DSB662,0
TO-2019-AF449,1
CR-2020-EPC201,1
TO-2020-VMA872,0
CU-2020-IF890,1
TO-2020-AFC404,1
TO-2019-JAG893,0
CR-2020-CRG768,0
CR-2020-JFM690,0
CR-2019-HCV175,0
CR-2020-GPB284,0
TO-2020-AA129,0
TO-2019-ARR704,0
TO-2020-FFN066,1
CR-2019-EC759,1
CU-2019-CDB329,0
CR-2020-JMP246,1
AB-2020-BMR876,0
AB-2019-PBM436,1
CR-2019-MMT291,0
TO-2019-VDV871,0
TO-2020-PS793,1
AB-2019-FCS401,0
CR-2019-ECB238,0
TO-2020-COS304,1
CR-2020-CMP551,1
CU-2019-GAP298,0
CR-2020-RFO578,0
AB-2019-ADC045,0
CR-2020-ASS690,0
AB-2019-JÁA506,1
AB-2019-TCE345,1
CU-2019-BB592,0
CU-2020-CDS773,1
CR-2020-JÁN684,0
CU-2020-ECC534,0
TO-2019-PR748,0
AB-2020-ADC120,1
CR-2020-RDC024,0
AB-2019-OSC508,0
TO-2020-GLV565,0
TO-2019-IS954,1
AB-2020-OJR012,0
TO-2020-ADL204,1
TO-2020-FLA667,0
TO-2020-MGV146,0
CR-2019-JAÁ674,1
TO-2019-MTR615,0
CR-2020-PAR899,1
CR-2019-CND733,1
AB-2020-IRB560,1
CR-2020-EVB049,1
TO-2020-GMS265,0
TO-2020-TTS309,0
TO-2019-TMR942,1
CR-2019-NDT104,1
AB-2020-EJ374,0
CR-2020-PDR351,0
TO-2019-OLP373,1
AB-2020-BSU541,0
CR-2019-VPI174,0
AB-2019-MAD134,0
CR-2020-LDF831,0
CR-2019-JFR013,0
CR-2020-CA338,0
TO-2019-FPB379,1
CR-2020-ABF900,0
TO-2019-ORC800,0
TO-2019-ADR373,1
CR-2019-AP366,0
CR-2020-ARN024,0
TO-2020-TC735,0
CU-2020-NSP799,0
CR-2019-FMF064,1
TO-2020-LDS227,1
CU-2020-PA884,0
CU-2019-AE252,0
TO-2020-ISP968,0
CU-2020-DDL581,0
CR-2019-RDI649,0
AB-2020-MVS662,1
CR-2020-CPS225,1
AB-2020-LCA449,0
CR-2020-JCL503,0
TO-2020-EDF281,1
AB-2020-RA504,0
TO-2019-CLG178,0
AB-2019-NCV929,1
AB-2019-DDT501,0
CR-2020-JC951,0
CR-2019-JIA781,0
AB-2019-RA813,1
AB-2020-AVA797,0
CR-2020-ADT543,0
TO-2019-SDB039,0
TO-2020-ANT115,0
CR-2020-ABH074,0
TO-2020-NCC380,0
TO-2020-GDH309,0
AB-2019-RL185,0
TO-2019-AHQ501,0
CR-2019-JMP487,1
AB-2019-CMR443,0
TO-2019-BAH512,0
AB-2019-ERR153,0
AB-2020-ZR944,1
AB-2019-MCB051,0
CR-2019-LDG927,0
AB-2019-EMS553,0
AB-2020-ARC182,0
CR-2019-EF477,0
AB-2020-TNM914,0
TO-2020-MOA798,0
AB-2019-CR798,0
CU-2019-SBT519,1
CU-2020-LA859,1
AB-2019-DTA927,0
TO-2020-JSG348,0
TO-2020-FAO843,1
TO-2019-ASB188,0
CR-2020-DPL496,0
AB-2020-ACB770,0
CU-2020-AMF550,1
AB-2020-DPF231,0
CU-2019-ALL770,0
AB-2019-BCC984,0
CR-2019-GRS876,1
AB-2019-FRB184,0
TO-2019-EDB797,1
CR-2020-MPM740,0
TO-2019-SGP083,1
CR-2020-DCC936,0
AB-2020-CMM831,0
TO-2019-CMB912,1
TO-2019-ADE307,1
TO-2019-MFC136,1
AB-2019-MPA861,0
CR-2020-MGA363,1
CR-2020-AAM594,1
AB-2020-AMM453,1
AB-2020-JC088,0
CR-2020-AAT394,0
AB-2020-IJA632,0
AB-2019-CAC110,0
TO-2020-EMF792,0
CR-2020-ITF595,0
CR-2020-HBP939,1
CU-2020-MPV497,0
CU-2019-TMH730,1
CU-2020-OSR281,0
TO-2019-SDO277,1
TO-2020-GBF247,0
CU-2019-ACS293,1
TO-2019-MCB929,1
TO-2020-ACC178,0
TO-2020-PRP271,0
AB-2020-EA391,0
TO-2020-ALC166,0
TO-2020-TLR354,0
TO-2019-LHG573,1
TO-2019-LBL289,1
AB-2019-ÁLÁ560,0
AB-2020-GLP907,0
AB-2019-NFB252,1
AB-2020-AGA941,0
CU-2019-MEC247,1
AB-2019-ÁVF564,0
CR-2019-CVY830,1
TO-2019-CAR702,1
TO-2020-JMA645,1
TO-2019-IHO013,0
CR-2020-EDC537,1
AB-2020-CB558,0
TO-2020-SDL846,0
CU-2019-AEB990,0
CU-2019-JE660,1
TO-2019-ÍAA635,1
CR-2020-AHA347,0
TO-2019-ACM860,0
CR-2019-DM728,0
CR-2019-EDG517,0
AB-2020-NH757,0
CR-2020-IP360,1
CU-2020-JDS890,0
CR-2020-FZ396,0
AB-2020-JCT725,0
AB-2019-APA580,0
CR-2020-CGA585,0
CU-2019-CRT249,1
AB-2019-LU251,1
TO-2020-PDP741,0
AB-2019-HLC135,0
CU-2020-ANF499,0
CR-2020-PIA590,0
CU-2019-FCB434,0
AB-2019-ÉCG143,0
CR-2020-AGM355,1
TO-2020-FCB071,0
AB-2020-TBS651,1
CU-2019-LOB438,0
CR-2020-EMQ638,0
TO-2019-JLU285,0
TO-2020-ACB465,0
CU-2019-EMS972,0
AB-2019-CGB628,0
CR-2019-VGC665,0
CU-2020-RSP187,1
TO-2020-SMA741,0
AB-2019-AET183,0
TO-2019-AB667,0
CU-2020-BS883,0
TO-2019-AP704,0
TO-2019-JBC823,0
CR-2019-JGF670,0
AB-2019-SJR545,0
AB-2020-OBP599,0
AB-2019-PÁQ928,0
TO-2019-EVR658,0
AB-2019-GC697,1
CR-2020-PDC949,0
TO-2020-SAA248,0
TO-2020-FDC672,0
AB-2019-HMG984,1
TO-2019-GGO463,0
CR-2019-EE530,0
CR-2019-EOE054,0
TO-2020-RAS439,1
AB-2019-JRM838,1
TO-2019-PPG582,0
CU-2020-FVE035,0
TO-2020-NES578,0
TO-2019-ADC887,0
TO-2019-APG845,0
CU-2020-CRF071,1
CU-2020-FDR854,1
AB-2020-EAA624,0
CU-2019-IPC148,1
AB-2019-FMC210,0
TO-2020-EJR292,0
AB-2020-VAA693,1
TO-2020-APG166,1
CR-2019-AMU085,0
CR-2020-AB021,0
TO-2020-MAP854,0
CR-2020-CQA458,0
CR-2020-NF118,1
CR-2020-MEV520,0
CR-2019-FSQ837,1
TO-2020-CA538,0
AB-2019-MBI779,0
CU-2019-TCC918,0
CR-2020-PA145,0
AB-2019-SA557,0
CR-2019-JCQ771,1
CU-2019-JCC753,0
TO-2020-RCT261,0
TO-2020-FAG766,1
AB-2019-EBP192,0
TO-2019-AAC209,1
AB-2019-DAT784,1
TO-2020-TGV220,0
CR-2020-CSR773,1
CR-2020-VBP945,0
CR-2019-FCB979,0
AB-2019-MCP895,0
AB-2020-CMC473,0
AB-2019-FMR751,0
CR-2020-MCC447,0
CR-2019-RRG038,0
AB-2020-RLC055,1
CR-2019-MBA930,0
CU-2020-LPÁ957,0
CU-2019-JCF250,1
TO-2020-JCL863,0
TO-2019-YMR558,0
AB-2020-ÁCV866,0
CU-2020-ZMP901,0
TO-2020-AFC118,0
AB-2019-VC007,1
TO-2020-JDM591,0
AB-2020-FM586,0
TO-2020-LAC866,0
TO-2019-AB936,0
AB-2020-SDD872,1
CR-2020-GCC201,0
TO-2020-JT218,0
TO-2020-CT732,0
CR-2019-RLB145,0
TO-2019-RCM811,1
TO-2019-JMS439,1
CR-2020-TP447,1
CR-2019-MDS709,1
CU-2020-CB297,0
CR-2019-EE073,1
CR-2020-JRA548,1
AB-2020-RAL320,0
CU-2019-RSN590,0
TO-2019-PCG166,0
CR-2019-MDR264,1
CU-2020-MAC192,0
AB-2020-MCC557,0
AB-2019-BSB820,0
TO-2020-CZÁ592,0
TO-2020-NT822,0
CR-2020-AMS277,1
AB-2019-ECU454,0
CR-2019-BPF330,0
TO-2019-PAG249,0
AB-2020-MVR645,0
TO-2019-NEO428,0
CU-2019-LBP524,1
CU-2020-OCV226,0
AB-2019-FTC413,0
CU-2019-AM213,0
CR-2020-VRM096,0
AB-2019-PGS167,0
CU-2020-ACB644,0
CU-2020-JD642,0
CU-2020-ÁSV484,0
TO-2019-LAP978,0
TO-2019-JPB981,0
AB-2020-EJI682,1
CR-2020-HB394,1
CR-2019-ADJ174,0
CR-2020-NCÁ784,1
CR-2019-ÁST351,1
CU-2020-FM723,0
AB-2020-TOC686,0
AB-2019-BRP131,0
CR-2019-JBS436,0
CU-2020-FAH139,0
CU-2019-OMA214,1
AB-2019-AVG327,0
CU-2020-LTA076,0
TO-2019-ÁMV028,1
CU-2019-RHA473,1
TO-2019-MT537,1
TO-2019-XIM594,0
AB-2019-RT161,0
AB-2020-LCP427,0
TO-2019-TRP205,0
TO-2019-MC527,0
CU-2020-MPR297,0
CR-2019-JL666,0
TO-2020-JLS025,0
TO-2020-CPL728,0
CU-2020-JCB921,0
CR-2019-ARC801,0
CR-2019-ELM791,0
TO-2019-JLC020,1
CU-2020-ACM448,0
TO-2020-CAV311,0
AB-2020-CCM504,0
CU-2019-JGV408,0
TO-2019-MCS712,0
AB-2020-MDM972,0
CR-2020-JSO842,0
AB-2019-ZBA385,0
CR-2019-JDC068,0
TO-2020-PA033,0
TO-2019-PC919,1
TO-2020-MPM622,0
TO-2019-PUL042,0
TO-2019-LMP657,0
AB-2020-CAM155,0
TO-2019-SPC973,1
CR-2019-LDV502,1
CR-2019-BBA173,0
CR-2019-JDS007,0
AB-2019-NRJ879,0
AB-2020-RHA154,0
TO-2020-ARJ414,0
TO-2019-ASC183,0
AB-2020-AMV956,0
TO-2019-JMD096,0
TO-2019-FV495,0
CR-2020-AMM848,0
CR-2019-CRG966,1
AB-2019-YDB976,0
AB-2019-TDB241,0
TO-2020-CPV175,1
CU-2019-ADC918,0
AB-2019-SGL964,1
TO-2020-GMT920,0
CR-2020-IST972,1
CR-2019-MJ789,1
TO-2019-GJS488,0
CR-2020-UFP491,1
AB-2019-PDP101,0
AB-2020-CRM264,1
AB-2019-CDP426,0
TO-2019-AA785,1
TO-2019-JDS063,1
CR-2020-DSC086,0
AB-2020-EB802,0
TO-2019-JR312,1
AB-2019-JIR691,1
TO-2019-RCB373,1
AB-2020-MSL044,1
CR-2019-NCG455,0
CR-2020-RSN008,1
CR-2020-ALG480,0
CR-2019-TDC649,0
CR-2019-MFC974,0
AB-2019-ADB172,0
AB-2020-AOL865,0
TO-2020-ÉTM652,1
AB-2019-DLG413,0
AB-2019-MGF313,1
CR-2019-VOA575,0
CU-2019-NGR660,0
CR-2019-MB039,0
TO-2020-BGP812,0
CR-2020-JBA350,0
CU-2020-NSC177,0
CU-2020-JMP220,0
AB-2020-MBZ659,0
TO-2020-MRF465,0
CU-2019-ECU697,1
AB-2020-EOC772,0
TO-2020-ACT025,0
CU-2020-CTR522,0
CU-2019-PCP569,1
TO-2020-SEP977,0
TO-2020-MÁD647,1
AB-2019-FAM271,0
CU-2019-CPJ345,1
TO-2019-CAP806,0
TO-2020-GDV083,0
AB-2019-TBH640,0
CR-2020-AMG942,1
AB-2020-PT899,1
AB-2019-MPP529,1
TO-2020-OS611,1
AB-2019-PBR738,0
TO-2020-AMC880,0
CU-2020-DPA082,0
CU-2019-ACG549,0
AB-2020-LS646,1
TO-2019-NM488,1
CU-2020-JBT391,1
TO-2020-MMN777,1
AB-2019-LPC982,0
TO-2020-RBS203,0
TO-2019-NOG551,0
AB-2020-SDG405,1
CU-2020-RSA252,0
AB-2019-EC795,1
AB-2020-VVM059,0
CU-2019-JFC800,0
AB-2019-FMP145,0
TO-2020-LDN684,0
CR-2020-FDS215,0
AB-2020-VC365,0
AB-2019-AAB043,0
TO-2019-GDM911,0
AB-2019-CC099,0
TO-2020-ACY703,1
AB-2019-JHM420,1
TO-2019-LR784,0
CR-2019-BCP303,0
CR-2020-EVZ650,0
TO-2020-ACB263,1
CR-2020-FBC066,1
CR-2020-FH179,0
AB-2019-DG862,1
AB-2020-PIG144,1
TO-2019-ÚMV624,1
CR-2019-ADP395,1
TO-2020-RVC857,0
TO-2019-MAS425,0
CU-2019-LAI149,0
CR-2019-TMP934,1
AB-2020-RTC059,0
TO-2020-LM995,0
TO-2020-EM035,1
CR-2019-EDP512,1
CR-2020-NFJ036,0
CU-2020-OG536,1
CR-2019-GFA678,0
CR-2020-CMM508,1
TO-2019-BVA405,0
CR-2019-SCM912,1
AB-2020-NOA333,1
AB-2020-ADE287,1
AB-2020-PEG115,0
CR-2019-RBV738,1
AB-2020-FVG445,0
CR-2019-RT459,0
AB-2019-MPS157,0
CR-2020-SLB922,0
TO-2020-FRG370,0
CR-2020-AAS767,0
CR-2020-CM961,1
CR-2019-DMT823,0
AB-2020-OLV684,1
TO-2020-RCL284,0
CU-2019-VDF343,0
TO-2020-EC405,0
TO-2019-FET308,0
CR-2019-BBA716,0
TO-2020-ILM434,1
AB-2020-JZV131,0
CR-2020-GL492,0
CR-2020-EIÁ566,0
AB-2019-FJC717,0
TO-2019-FAT651,1
AB-2019-YAG617,0
AB-2019-MBA261,1
CU-2020-VO420,0
AB-2019-ADC714,0
CU-2019-CCV887,0
AB-2019-JFA105,0
CR-2019-PGP382,1
AB-2019-RG483,0
TO-2020-RAI831,0
CR-2020-AV599,0
CU-2019-CDF396,1
TO-2019-CÁT462,1
CR-2019-BDA086,0
CR-2019-CVA623,0
AB-2020-NDR522,0
TO-2019-JMC860,0
TO-2019-XLB415,1
CU-2019-DQA376,0
AB-2020-MJG905,0
TO-2020-CSJ436,0
AB-2019-MDC314,0
TO-2019-TAH829,0
CR-2019-BSL509,0
CR-2019-ARF745,0
CR-2019-SPM599,0
TO-2020-EMC675,0
CR-2019-JDA388,1
CR-2019-EDB253,0
CR-2020-DAD920,0
TO-2019-AEF736,1
AB-2020-JR498,0
CU-2020-RSS446,0
TO-2019-ABS302,1
CU-2019-EPM924,0
TO-2019-MNJ116,1
CR-2019-NSM041,1
AB-2020-CAB249,0
AB-2019-ALC409,0
CU-2020-RC829,0
TO-2019-PDR025,1
CR-2020-OVT199,1
TO-2020-XLM123,0
CU-2020-CZP972,0
CU-2019-MIL582,1
AB-2019-MNA311,0
CR-2020-CDG788,1
CR-2020-TDA841,0
AB-2020-BAP970,1
CU-2019-LB995,0
AB-2020-ASG016,0
TO-2019-AMP721,1
TO-2019-BDM187,0
TO-2019-RTR639,0
TO-2020-APL522,0
CR-2020-MVA807,0
CU-2019-CU677,0
CU-2019-VSB198,1
AB-2020-LJJ105,0
TO-2020-CMM390,1
AB-2020-LM538,0
CU-2020-SJM634,0
CU-2019-EHM399,1
TO-2019-RS889,1
TO-2019-OPM535,1
AB-2020-ZTT316,0
CU-2019-SCT902,1
AB-2019-PEC272,0
AB-2020-AFE647,0
AB-2020-EDJ930,0
AB-2020-CDC843,0
CR-2019-JRB436,0
CR-2020-EOF697,0
TO-2020-ACV745,0
CU-2020-GC944,0
TO-2019-BRT625,0
AB-2020-ADM880,0
TO-2019-APB024,0
CU-2020-ABG781,1
TO-2020-AAS015,0
AB-2019-RAT749,0
AB-2019-FU319,0
TO-2020-MAS525,0
CR-2020-ALC737,0
AB-2020-AGP818,0
TO-2019-JAA607,0
TO-2020-PRA872,1
CR-2019-CDP900,0
TO-2019-MC790,1
AB-2019-PML993,0
CR-2020-NA529,0
CU-2020-CMM777,0
CR-2019-JCL848,0
TO-2020-EAR277,0
TO-2019-EC178,0
TO-2020-MCM769,0
TO-2019-MDB461,1
CR-2019-DT877,0
CR-2019-AAD339,0
CR-2019-SSB270,0
TO-2019-JDE621,0
AB-2019-AMS718,1
TO-2020-AG172,0
AB-2020-FGR189,0
TO-2019-CFR492,0
TO-2020-MS757,1
AB-2020-JGP529,0
AB-2020-EQ253,0
AB-2020-AOV015,0
AB-2020-FJD825,1
TO-2020-FGP827,0
TO-2020-JLM703,0
CR-2020-JCS586,0
TO-2019-ICB192,0
CU-2020-CDO026,0
CR-2020-MCP507,1
AB-2019-ACA423,0
TO-2019-CCA097,0
CR-2020-ICD473,1
TO-2020-DCM821,0
TO-2020-MDP334,0
CR-2019-ASS616,0
AB-2020-LSM742,0
TO-2020-BV619,0
TO-2020-PFT758,0
CR-2019-PVR182,0
CU-2019-SVN024,1
TO-2019-VRP224,1
TO-2019-LMC276,0
AB-2020-EMS413,0
AB-2020-JIR159,1
TO-2019-ESA855,0
AB-2019-CDC766,1
TO-2020-TM059,1
AB-2020-ÁPP787,0
CR-2019-CBS949,0
AB-2019-BV603,1
CR-2019-RMM527,0
TO-2020-MM814,0
AB-2020-RRV714,1
AB-2020-LAR207,0
CR-2019-CDG814,0
AB-2020-MB149,0
TO-2020-EDV601,0
AB-2020-CBG531,0
TO-2020-LPT777,0
TO-2020-PAR481,1
CR-2020-MMB405,0
CR-2019-AOR384,0
CR-2020-CSB438,0
AB-2019-JMM550,0
CR-2019-VBP313,0
CR-2020-GDP875,0
CR-2019-AA999,0
AB-2019-LBA126,1
TO-2020-MPD886,1
AB-2019-NLA078,0
CU-2019-MCP434,0
AB-2020-RRO281,0
AB-2020-ADP993,0
AB-2019-APB269,0
CR-2019-MB841,0
AB-2020-GRB009,1
TO-2019-CR562,0
CU-2019-EMB986,1
TO-2020-SAE192,0
TO-2019-ÁDP033,0
CU-2019-DCA318,1
TO-2019-ECC806,0
TO-2019-MB829,0
CR-2020-JBL768,1
CR-2020-SMM072,0
AB-2019-YCP109,0
TO-2019-TAA313,0
TO-2020-RC796,0
CR-2020-ABC160,0
TO-2020-EDC803,0
AB-2019-SB759,0
AB-2020-LSP035,0
TO-2020-CSJ583,0
AB-2019-MDD831,0
CU-2020-LB948,0
TO-2020-AV417,1
AB-2019-AGG079,0
CU-2019-TT940,0
CU-2020-JCL406,0
AB-2020-JIS428,0
CR-2020-LC460,1
CU-2019-LGV148,0
CR-2019-MRR376,0
CR-2019-NAM184,0
CR-2019-RFB270,0
TO-2020-TRV417,0
TO-2019-DPC897,0
CR-2020-TAB567,0
AB-2019-YCP595,0
CU-2019-SAV038,0
CR-2020-MC807,1
TO-2019-IDS681,1
CU-2020-IEE093,0
TO-2019-OQU849,0
AB-2020-JAB862,0
TO-2019-APQ374,1
TO-2019-EJ332,0
CR-2019-IFJ648,0
CR-2020-MVG401,0
TO-2019-GBA779,0
CU-2019-LRM061,1
AB-2019-ÁDM424,0
TO-2019-FPZ589,1
TO-2019-TMR857,0
CR-2019-AF658,0
CR-2020-MEC457,0
CU-2020-NVN667,0
CU-2019-BR363,1
AB-2019-AP721,0
TO-2019-YJS710,0
CR-2020-ATP391,0
AB-2020-MR336,0
CR-2020-PDA137,0
TO-2019-OB849,0
TO-2020-RHC844,0
TO-2019-TCC784,0
CU-2020-EDM398,1
CR-2019-ACR975,0
TO-2019-MJB177,0
AB-2019-TTT319,0
AB-2020-ACP396,1
TO-2019-FAA391,0
TO-2019-CPG644,0
AB-2019-IDM456,0
CR-2020-JMM084,1
CR-2020-CHV464,0
CR-2019-JA417,0
CR-2020-LOÁ653,0
CU-2020-ECD984,1
CR-2019-DPC999,0
CR-2020-SCF752,0
AB-2020-ÁDC814,0
TO-2020-LAA550,0
AB-2019-UAT243,1
AB-2020-LPP597,0
CU-2020-MBS360,0
TO-2019-NAL218,1
CR-2020-MCM976,0
CU-2020-RPG428,0
CU-2020-DMB184,0
AB-2019-AT472,1
AB-2020-MDS436,1
AB-2019-PDM644,0
CU-2019-SG921,1
TO-2019-RMC757,1
AB-2020-PSN707,1
CR-2019-SDS732,0
AB-2019-MTB797,0
AB-2019-FML882,0
TO-2019-TBQ560,1
TO-2019-TAT270,1
TO-2020-EOC236,1
CU-2019-AGA193,0
TO-2020-RLA939,1
AB-2020-DCA448,0
TO-2020-CMF291,1
AB-2020-GRR280,1
TO-2019-RBA558,0
CR-2019-AC137,0
TO-2020-SEH351,0
TO-2020-HGJ001,0
AB-2020-FLJ346,0
TO-2020-OGP785,0
CU-2019-FDU414,0
TO-2019-AV487,0
AB-2019-VCG272,0
AB-2019-GHJ198,1
TO-2020-SMA921,0
CR-2020-TC339,1
TO-2020-CCÁ844,1
TO-2019-PGL919,0
TO-2020-EPA927,1
CR-2019-ARA485,1
CR-2020-NPV509,1
TO-2019-AG315,0
CR-2019-JVS196,0
TO-2019-PM129,0
CR-2020-ACC294,0
AB-2019-HMB717,1
CR-2020-MLA674,0
TO-2019-GAG165,1
CR-2019-IGO033,0
TO-2019-HMB484,1
TO-2019-SBA081,0
CR-2020-JTC059,1
CR-2019-BGN487,1
CR-2020-MF626,1
CU-2020-MBD523,0
AB-2019-PCR314,0
TO-2019-ADC647,0
TO-2020-JLR552,0
AB-2020-JBC342,1
TO-2020-RA651,0
CR-2019-HVG163,0
AB-2020-MR011,0
CR-2019-BCC824,0
TO-2020-MGP229,1
AB-2019-RMG993,0
AB-2020-SPM851,0
CU-2020-DLP860,0
AB-2020-RMM803,0
CU-2019-ERF264,0
CU-2019-FP888,0
CU-2019-MBT460,0
CR-2019-EJF437,0
CR-2019-CAP408,0
CR-2020-FMC076,0
